tipo,genero,studios,idiomas,episodios,duracion,emitido,estado,gustados,nombre
OVA,"Hentai,maduras,tetonas",SuzukiMirano,Japonés,Desconocido,Desconocido,Dic27de2024,Enemision,15,ikusei
OVA,"Hentai,virgenes,ahegao,violacion",T-Rex,Japonés,Desconocido,16min,Nov29de2024,Enemision,8,yumemiru-otome
OVA,"Hentai,escolares,violacion",Nur,Japonés,Desconocido,Desconocido,Nov29de2024,Enemision,4,bishoku-ke-no-rule
OVA,"Hentai,ahegao,violacion,tentaculos,monstruos",Bluebread,Japonés,Desconocido,Desconocido,Nov29de2024,Enemision,5,elf-ni-inmon-wo-tsukeru-hon-the-animation
ONA,"Hentai,ahegao,tetonas",Seven,Japonés,1,16min,Nov29de2024,Concluido,11,oniisan-ohitori-desu-ka
OVA,"Hentai,tetonas",Bluebread,Japonés,2,Desconocido,Nov15de2024aDic13de2024,Concluido,5,mazome-soap-de-aimashou
OVA,"Hentai,bondage,tentaculos,monstruos",Majin,Japonés,Desconocido,Desconocido,Oct25de2024,Enemision,4,mecha-gishi-resta-no-daibouken
OVA,"Hentai,virgenes,ahegao,tetonas",BreakBottle,Japonés,2,17minperep,Oct25de2024aDic20de2024,Concluido,4,kyokugen-chikan-tokuiten-3-the-animation
ONA,"Hentai,escolares,maduras,tetonas",TeatroNishiTokyoStudio,Japonés,1,27min,Oct18de2024,Concluido,8,tsuma-netori-rei-boku-no-ayamachi-kanojo-no-sentaku
ONA,"Hentai,Romance,tetonas,vanilla",StudioHokiboshi,Japonés,8,Desconocido,Oct7de2024,Enemision,53,taishou-itsuwari-bridal-migawari-hanayome-to-gunpuku-no-mouai
ONA,"Hentai,Colegial,escolares,virgenes",Seven,Japonés,Desconocido,Desconocido,Oct4de2024,Enemision,52,iribitari-gal-ni-mako-tsukawasete-morau-hanashi
OVA,"Hentai,Colegial,Yaoi,Harem,escolares,virgenes",T-Rex,Japonés,Desconocido,Desconocido,Sep27de2024,Enemision,34,incha-couple-ga-you-gal-tachi-to-sex-training-suru-hanashi
OVA,"Hentai,virgenes,anal,violacion,tentaculos",Majin,Japonés,Desconocido,Desconocido,Sep27de2024,Enemision,11,futsuma-jo-charlotte
OVA,"Hentai,virgenes,tetonas",Bluebread,Japonés,Desconocido,Desconocido,Sep6de2024,Enemision,73,shounen-ga-otona-ni-natta-natsu
OVA,"Hentai,Colegial,escolares,virgenes,tetonas,vanilla",NewGeneration,Japonés,Desconocido,15min,Sep6de2024,Enemision,8,sex-ga-suki-de-suki-de-daisuki-na-classmate-no-ano-musume
OVA,"Hentai,maduras,tetonas",T-Rex,Japonés,Desconocido,16min,Ago30de2024,Enemision,21,imaria
OVA,"Hentai,Yuri,Harem,virgenes,anal,maduras,ahegao,tetonas",Seven,Japonés,Desconocido,Desconocido,Ago30de2024,Enemision,22,bubble-de-house-de-the-animation
OVA,"Hentai,Yuri,tentaculos,monstruos",Majin,Japonés,Desconocido,16min,Ago30de2024,Enemision,5,reginetta-san-no-bouken
OVA,"Hentai,Colegial,escolares,virgenes,ahegao",Seven,Japonés,Desconocido,Desconocido,Jul26de2024,Enemision,59,seiyoku-tsuyotsuyo-the-animation
OVA,"Hentai,softcore",Bluebread,Japonés,Desconocido,Desconocido,Jul19de2024,Enemision,41,ito-wo-yoru
ONA,"Hentai,tetonas",StudioHokiboshi,Japonés,Desconocido,6min,Jul8de2024,Enemision,35,yoasobi-gurashi
OVA,"Hentai,escolares,virgenes,maduras,tetonas,lolis",T-Rex,Japonés,Desconocido,16min,Jun28de2024,Enemision,31,boku-ni-harem-sexfriend-ga-dekita-riyuu
OVA,"Hentai,tetonas",Nur,Japonés,Desconocido,Desconocido,Jun28de2024,Enemision,11,yarakashi
OVA,"Hentai,maduras,tetonas",Nur,Japonés,Desconocido,Desconocido,Jun28de2024,Enemision,19,gobaku
OVA,"Hentai,escolares,vanilla",Shion,Japonés,2,Desconocido,Jun28de2024,Concluido,9,sexfriend-no-senpai-the-animation
OVA,"Hentai,maduras,ahegao,tetonas",Studio1st,Japonés,Desconocido,Desconocido,Jun7de2024,Enemision,7,tsuma-wo-dousoukai-ni-ikasetara
OVA,"Hentai,anal,maduras,ahegao,tetonas,bondage",RyuuM's,Japonés,2,16minperep,May31de2024,Concluido,10,kyonyuu-onna-shikan-sennou-saimin
OVA,"Hentai,Yaoi,violacion,tentaculos",Majin,Japonés,Desconocido,15min,May31de2024,Enemision,16,mugoku-no-kuni-no-alice
OVA,"Hentai,maduras,tetonas",Nur,Japonés,Desconocido,24min,May31de2024,Enemision,11,shuumatsu-hospital
OVA,"Hentai,escolares,bondage",PoRO,Japonés,Desconocido,23min,Abr26de2024,Enemision,5,dearest-blue
OVA,"Hentai,Romance,ahegao,tetonas,vanilla",Studio1st,Japonés,1,26min,Abr26de2024,Concluido,10,rennyuu-order-the-animation
OVA,"Hentai,virgenes,ahegao,violacion",Studio1st,Japonés,2,15minperep,Abr26de2024aMay31de2024,Concluido,9,mebuki-the-animation
OVA,"Hentai,ahegao,tetonas",Majin,Japonés,Desconocido,Desconocido,Abr26de2024,Enemision,12,succubus-connect
OVA,"Hentai,Colegial,escolares,virgenes,tetonas",T-Rex,Japonés,Desconocido,Desconocido,Abr26de2024,Enemision,16,midareuchi
OVA,"Hentai,tetonas",NewGeneration,Japonés,Desconocido,24min.,Abr19de2024,Enemision,35,konomi-ja-nai-kedo-mukatsuku-ane-to-aishou-batsugun-ecchi
ONA,"Fantasìa,Romance,ShounenAi,virgenes",StudioHokiboshi,Japonés,Desconocido,Desconocido,Abr8de2024,Enemision,288,ateuma-chara-no-kuse-shite-super-darling-ouji-ni-chouai-sareteimasu
OVA,"Hentai,escolares,ahegao",Bluebread,Japonés,Desconocido,12min.,Abr5de2024,Enemision,11,nocturnal
OVA,"Hentai,Colegial,virgenes,lolis",Shion,Japonés,Desconocido,15min.,Mar29de2024,Enemision,18,ojisan-de-umeru-ana-the-animation
OVA,"Hentai,tentaculos,monstruos",Majin,Japonés,Desconocido,Desconocido,Mar29de2024,Enemision,10,ruins-seeker
OVA,"Hentai,maduras,tetonas",Seven,Japonés,Desconocido,16min,Mar22de2024,Enemision,10,haramaseya-the-animation
OVA,"Hentai,maduras,tetonas",Bluebread,Japonés,Desconocido,Desconocido,Mar15de2024,Enemision,44,kotowarenai-haha
OVA,"Hentai,maduras,ahegao,tetonas",Bluebread,Japonés,Desconocido,Desconocido,Feb23de2024,Enemision,18,no-waifu-no-life
OVA,"Hentai,escolares,tetonas,vanilla",Bluebread,Japonés,1,18min,Feb22de2024,Concluido,39,mitasarete-mezameru-asa-ni-jimi-na-choushoku-wo-the-animation
OVA,"Hentai,escolares,violacion",Nur,Japonés,Desconocido,15min.,Feb22de2024,Enemision,11,69-itsuwari-no-bishou
OVA,"Hentai,virgenes,maduras,tetonas",Majin,Japonés,Desconocido,20min,Ene26de2024,Enemision,15,sinisistar
OVA,"Hentai,tetonas,vanilla,violacion",Studio1st,Japonés,Desconocido,20min,Ene26de2024,Enemision,20,fleur-the-animation
OVA,"Hentai,escolares,virgenes,tetonas",Nur,Japonés,Desconocido,20min,Dic22de2023,Enemision,11,shunka-shuutou
OVA,"Hentai,virgenes,tetonas",Majin,Japonés,Desconocido,20min,Dic22de2023,Enemision,13,yuusha-hime-miria
ONA,"tetonas,escolares,Harem,Hentai",StudioHokiboshi,Japonés,Desconocido,6min,Dic8de2023,Enemision,186,modaete-yo-adam-kun
OVA,Hentai,T-Rex,Japonés,6,20minperep,Nov24de2023aMar1de2024,Concluido,47,hatsukoi-jikan
OVA,"Hentai,Colegial,virgenes,tetonas",Nur,Japonés,Desconocido,20min,Nov24de2023,Enemision,13,ane-jiyoku-tsukushi-neesan-no-shitagi
OVA,"Hentai,maduras,tetonas",TeatroNishiTokyoStudio,Japonés,1,30min,Nov17de2023,Concluido,10,tsuma-netori-kan-bijutsu-kyoushi-no-baai
OVA,"Hentai,escolares,virgenes,tetonas",Studio1st,Japonés,Desconocido,20min,Nov10de2023,Enemision,16,kozukuri-ninkatsu-bu
OVA,"Hentai,Harem,escolares,virgenes",Bluebread,Japonés,Desconocido,20min,Nov10de2023,Enemision,20,sweet-and-hot
OVA,"Hentai,maduras,ahegao,tetonas",NewGeneration,Japonés,Desconocido,20min,Nov10de2023,Enemision,13,doukyo-suru-neneki
OVA,"Hentai,virgenes,violacion",Majin,Japonés,Desconocido,20min,Oct27de2023,Enemision,7,mahou-touki-lilustear
OVA,"Hentai,escolares,virgenes,tetonas",Nur,Japonés,Desconocido,20min,Oct27de2023,Enemision,12,mihitsu-no-koi
OVA,"Hentai,maduras,ahegao,tetonas",T-Rex,Japonés,2,16minperep,Oct6de2023,Concluido,32,tsuma-ni-damatte-sokubaikai-ni-ikun-ja-nakatta
ONA,"Hentai,Romance,maduras,tetonas",RabbitGate,Japonés,8,6minperep,Oct2de2023aDic4de2023,Concluido,29,secret-mission-sennyuu-sousakan-wa-zettai-ni-makenai
OVA,"Hentai,Colegial,virgenes,tetonas",Majin,Japonés,Desconocido,20min,Sep29de2023,Enemision,20,night-tail
OVA,"Hentai,Shounen,escolares,incesto",Studio1st,Japonés,1,18min,Sep29de2023,Concluido,11,tanetsuke-ojisan-to-papakko-jd-saimin-seikatsu-the-animation
OVA,"Hentai,orgias,virgenes,anal,tetonas",T-Rex,Japonés,6,20minperep,Sep1de2023aFeb2de2024,Concluido,14,tsundero-series
OVA,"Hentai,Romance,Harem,escolares,virgenes,tetonas",Bluebread,Japonés,Desconocido,20min,Sep1de2023,Enemision,13,junjou-decamelon
OVA,"Hentai,Romance,ahegao,tetonas",Seven,Japonés,1,29min,Ago25de2023,Concluido,21,kono-koi-ni-kizuite-the-animation
OVA,"Hentai,maduras,tetonas",BreakBottle,Japonés,2,17minperep,Ago25de2023aOct27de2023,Concluido,8,sleepless-nocturne-the-animation
OVA,"Hentai,Harem,maduras,tetonas,incesto",Studio1st,Japonés,1,19min,Jul28de2023,Concluido,18,tanetsuke-ojisan-to-ntr-hitozuma-sex-the-animation
OVA,"Hentai,anal,tetonas,bondage",SuzukiMirano,Japonés,Desconocido,20min,Jul28de2023,Enemision,6,kunoichi-ryoujokuden-ajisai
OVA,"Hentai,ahegao,tetonas,vanilla",Seven,Japonés,Desconocido,30min,Jul28de2023,Enemision,17,okusama-no-kaifuku-jutsu-the-animation
OVA,"Hentai,escolares,virgenes,tetonas,violacion",Nur,Japonés,Desconocido,20min,Jul28de2023,Enemision,12,so_low
OVA,"Hentai,Sobrenatural,virgenes,lolis,tentaculos,monstruos",AnimeAntennaIinkai,Japonés,2,17minperep,Jul14de2023aSep15de2023,Concluido,4,mahou-shoujo-noble-rose-the-animation
OVA,"Fantasìa,Hentai,Harem,maduras,tetonas",T-Rex,Japonés,2,16minperep,Jul7de2023,Concluido,30,sukebe-elf-tanbouki
OVA,"Hentai,Romance,escolares,virgenes",Studio1st,Japonés,Desconocido,20min,Jul7de2023,Enemision,29,1ldk-jk-ikinari-doukyo-micchaku-hatsu-ecchi
ONA,"Hentai,Romance,maduras,tetonas",StudioHokiboshi,Japonés,8,6minperep,Jul2de2023aSep2de2023,Concluido,30,fuufu-koukan-modorenai-yoru
ONA,"Hentai,escolares,virgenes,tetonas",,Japonés,1,12min,Jun14de2023,Concluido,17,mark-your-kiss-the-animation
OVA,"Hentai,virgenes,incesto,violacion",AnimeAntennaIinkai,Japonés,Desconocido,30min,May26de2023,Enemision,4,nightmare-x-deathscythe-hangyaku-no-resonance
OVA,"Fantasìa,Hentai,virgenes,maduras,ahegao,tetonas",Majin,Japonés,Desconocido,20min,May26de2023,Enemision,6,fushigi-no-kuni-no-succubus
OVA,"Hentai,virgenes,maduras,ahegao,tetonas,violacion",Studio1st,Japonés,Desconocido,20min,May26de2023,Enemision,13,maid-kyouiku-botsuraku-kizoku-rurikawa-tsubaki-the-animation
OVA,"Hentai,virgenes,anal,ahegao,tetonas,violacion",RabbitGate,Japonés,2,20minperep,May26de2023aAbr26de2024,Concluido,11,rakuen-shinshoku-island-of-the-dead
OVA,"Hentai,Harem,escolares,virgenes,tetonas",Nur,Japonés,2,24minperep,Abr28de2023aSep29de2023,Concluido,13,kokuhaku
OVA,"Hentai,Romance,Harem,virgenes,lolis",Bluebread,Japonés,2,20minperep,Abr14de2023aJun23de2023,Concluido,44,tsurupeta-shugo-kishi-elfina-ochiru
ONA,"tetonas,maduras,virgenes,Romance,Hentai,lolis",StudioHokiboshi,Japonés,8,6minperep,Abr3de2023aJun5de2023,Concluido,100,sazanami-soushi-ni-junketsu-wo-sasagu
OVA,"Fantasìa,Hentai,orgias,tetonas,violacion",Majin,Japonés,4,16minperep,Mar31de2023aNov24de2023,Concluido,25,goblin-no-suana
OVA,"Hentai,Colegial,escolares,orgias,virgenes,lolis",Bluebread,Japonés,2,19minperep,Mar31de2023aAgo25de2023,Concluido,21,ikumonogakari-the-animation
OVA,"Hentai,maduras,tetonas,bondage",Seven,Japonés,1,27min,Mar31de2023,Concluido,11,futei-with-the-animation
OVA,"Hentai,Harem,escolares,tetonas,vanilla",T-Rex,Japonés,1,15min,Mar3de2023,Concluido,19,class-de-otoko-wa-boku-ichinin
OVA,"Hentai,Romance,escolares,virgenes,tetonas,vanilla",T-Rex,Japonés,4,16minperep,Mar3de2023aAbr7de2023,Concluido,22,bonyuu-chan-wa-dashitai
OVA,"Hentai,virgenes,ahegao,tetonas,vanilla",Studio1st,Japonés,2,25minperep,Feb24de2023aOct27de2023,Concluido,18,majo-wa-kekkyoku-sono-kyaku-to-the-animation
OVA,"Hentai,escolares,violacion",Bluebread,Japonés,Desconocido,20min,Feb17de2023,Enemision,9,aoharu-snatch
ONA,"Hentai,Harem,orgias,maduras,tetonas",Seven,Japonés,2,15minperep,Feb17de2023aMay17de2023,Concluido,26,koumi-jima-shuu-7-de-umeru-mesu-tachi
OVA,"Hentai,escolares,tetonas,incesto",NewGeneration,Japonés,Desconocido,16min,Feb2de2023,Enemision,98,imouto-wa-gal-kawaii
OVA,"Fantasìa,Hentai,virgenes,tetonas,violacion",Majin,Japonés,Desconocido,16min,Ene26de2023,Enemision,210,otogibanashi-no-onigokko
OVA,"Hentai,maduras,ahegao,tetonas",Studio1st,Japonés,1,22min,Ene26de2023,Concluido,78,3piece-the-animation
OVA,"Hentai,escolares,virgenes,incesto,violacion",Nur,Japonés,Desconocido,22min,Ene26de2023,Enemision,112,yari-agari
Serie,"tetonas,maduras,anal,virgenes,Sci-Fi",,Japonés,Desconocido,19min.,Ene3de2023,Concluido,61,my-mother
OVA,"ahegao,virgenes,Harem,Hentai,tetonas",Shion,Japonés,Desconocido,20min,Dic26de2022,Enemision,61,isekai-kita-node-sukebe-skill-de-zenryoku-ouka-shiyou-to-omou-the-animation
OVA,"Hentai,maduras,tetonas,incesto",Nur,Japonés,Desconocido,24min,Dic23de2022,Enemision,17,mama-katsu-midareru-mama-tachi-no-himitsu
OVA,"Hentai,escolares,violacion,bondage",Majin,Japonés,Desconocido,20min,Dic22de2022,Enemision,21,roshutsu-kei-mahou-joshi-daisei-christhea
ONA,"vanilla,tetonas,Romance,Hentai",RabbitGate,Japonés,8,Desconocido,Dic8de2022,Concluido,139,showtime-uta-no-oneesan-datte-shitai-2
OVA,"Hentai,Harem,escolares,virgenes,tetonas",Bluebread,Japonés,2,17minperep,Nov24de2022aEne26de2023,Concluido,137,mesudachi-the-animation
OVA,"Hentai,virgenes,maduras,ahegao,tetonas,vanilla",T-Rex,Japonés,2,16minperep,Nov4de2022,Concluido,38,succubus-yondara-gibo-ga-kita
OVA,"Hentai,anal,maduras,ahegao,tetonas,violacion,tentaculos,monstruos",BreakBottle,Japonés,2,16minperep,Oct28de2022aDic23de2022,Concluido,8,raikou-shinki-aigis-magia-pandra-saga-3rd-ignition-the-animation
OVA,"Hentai,Harem,escolares,virgenes,ahegao,violacion",PoRO,Japonés,2,24minperep,Oct28de2022aDic23de2022,Concluido,20,eroriman-2
OVA,"Hentai,maduras,tetonas,violacion",TeatroNishiTokyoStudio,Japonés,1,28min,Oct28de2022,Concluido,5,tsuma-netori-3-kairaku-ni-ochita-injiru-kyoushi-tachi
OVA,"Hentai,escolares,virgenes,maduras,tetonas",T-Rex,Japonés,Desconocido,16min,Oct6de2022,Enemision,208,boku-ni-sexfriend-ga-dekita-riyuu
ONA,"virgenes,escolares,Harem,Hentai",StudioHokiboshi,Japonés,8,6minperep,Oct2de2022,Concluido,1014,harem-camp
OVA,"Hentai,virgenes,maduras,tetonas",Majin,Japonés,Desconocido,16min,Sep29de2022,Enemision,106,renseijutsushi-colette-no-h-na-sakusei-monogatari
OVA,"Hentai,ahegao",Shion,Japonés,1,26min,Sep29de2022,Concluido,264,delivery-chiko-wo-tanomitai-onee-san
OVA,"Hentai,virgenes,anal,violacion,bondage",PoRO,Japonés,Desconocido,24min,Sep29de2022,Enemision,96,korashime-2-kyouikuteki-depaga-shidou
OVA,"Hentai,Romance,escolares",T-Rex,Japonés,1,20min,Sep2de2022,Concluido,13,iinchou-wa-saimin-appli-wo-shinjiteru
OVA,"Hentai,ahegao,violacion",CollaborationWorks,Japonés,Desconocido,20min,Ago27de2022,Enemision,81,kitsune-musume-no-ecchi-na-oyado
OVA,"Comedia,Hentai,Colegial,escolares,anal,violacion",Seven,Japonés,1,25min,Ago26de2022,Concluido,7,kisaku-reiwa
OVA,"Hentai,Sobrenatural,anal,trio",NewGeneration,Japonés,Desconocido,20min,Ago4de2022,Enemision,134,boku-wa-chiisana-succubus-no-shimobe
OVA,"Hentai,Harem,maduras,tetonas",BreakBottle,Japonés,2,20minperep,Jul28de2022aSep29de2022,Concluido,108,sleepless-a-midsummer-nights-dream-the-animation
OVA,"Hentai,Romance,virgenes,tetonas,vanilla",MousouSenka,Japonés,Desconocido,20min,Jul28de2022,Enemision,94,summer-inaka-no-seikatsu
OVA,"Hentai,Colegial,virgenes,tetonas",Nur,Japonés,Desconocido,20min,Jul28de2022,Enemision,78,haji-shinchishin
OVA,"vanilla,tetonas,Colegial,Romance,Hentai",Seven,Japonés,Desconocido,30min,Jul28de2022,Enemision,44,doukyuusei-remake-the-animation
OVA,"Hentai,Colegial,virgenes,anal,tetonas",AnimeAntennaIinkai,Japonés,2,20minperep,Jul7de2022aOct6de2022,Concluido,58,natsuyasumi-ake-no-kanojo-wa
ONA,"anal,Yaoi,ShounenAi",StudioHokiboshi,Japonés,9,4min,Jul3de2022,Concluido,1309,mori-no-kuma-san-toumin-chuu
OVA,"tetonas,virgenes,orgias,escolares,Harem",T-Rex,Japonés,4,20minperep,Jun30de2022,Concluido,200,seika-jogakuin-kounin-sao-ojisan
OVA,"Harem,escolares,virgenes,maduras,tetonas",MousouSenka,Japonés,Desconocido,20min,Jun23de2022,Enemision,79,pandemic
OVA,"escolares,tetonas",NewGeneration,Japonés,Desconocido,20min,Jun23de2022,Enemision,105,j-genkai-koubi-goui-sounyuu-de-bachibachi-niku-anaka
OVA,"Romance,Harem,virgenes,tetonas,vanilla",Shion,Japonés,2,16minperep,Jun23de2022,Concluido,67,ima-made-de-ichiban-yokatta-sex-the-animation
OVA,"Hentai,Colegial,anal,violacion",PoRO,Japonés,Desconocido,20min,Jun23de2022,Enemision,136,tsugunai
OVA,"Hentai,Harem,anal,maduras,tetonas",T-Rex,Japonés,2,16minperep,Jun3de2022,Concluido,7,kyonyuu-onna-senshi-dogeza-saimin
OVA,"escolares,virgenes,tetonas",Bluebread,Japonés,2,20minperep,May26de2022aJul21de2022,Concluido,101,harem-cult
OVA,"anal,tetonas,violacion",T-Rex,Japonés,2,16minperep,Abr27de2022,Concluido,117,isekai-yarisaa
OVA,"Romance,escolares,virgenes,tetonas",Bluebread,Japonés,2,20minperep,Abr14de2022aJun16de2022,Concluido,124,otaku-ni-yasashii-gal-toka-kyonyuu-no-osananajimi-toka
ONA,"vanilla,tetonas",StapleEntertainment,Japonés,8,,Abr3de2022,Concluido,407,3-byougo-yajuu-goukon-de-sumi-ni-ita-kare-wa-midara-nikushoku-deshita
OVA,"escolares,tetonas",T-Rex,Japonés,2,24min,Mar31de2022,Enemision,79,inkou-kyoushi-no-sai-seikatsu-shidouroku
OVA,"Romance,Hentai,escolares,tetonas,lolis",Studio1st,Japonés,2,26minperep,Mar25de2022aOct28de2022,Concluido,2458,kaede-to-suzu-the-animation
OVA,tetonas,BreakBottle,Japonés,2,,Mar24de2022aAbr27de2022,Concluido,147,yamitsuki-mura-melty-limit-the-animation
OVA,Hentai,RabbitGate,Japonés,Desconocido,20min,Mar10de2022,Enemision,63,abandon-100-nuki-shinai-to-derarenai-fushigi-na-kyoushitsu
OVA,"Hentai,Harem,maduras,tetonas,incesto,lolis",Seven,Japonés,1,27min,Feb25de2022,Concluido,23,garden-takamine-ke-no-nirinka-the-animation
OVA,"Hentai,Romance,escolares,virgenes",Seven,Japonés,Desconocido,20min,Feb25de2022,Enemision,12,kimi-wa-yasashiku-netorareru-the-animation
OVA,"hardcore,violacion,tetonas,virgenes",PoRO,Japonés,2,,Feb24de2022,Concluido,125,eroriman
OVA,"Hentai,Colegial,virgenes,anal,violacion",AnimeAntennaIinkai,Japonés,2,28minperep,Feb10de2022aJul28de2022,Concluido,62,sei-dorei-gakuen-2
OVA,"anal,virgenes,orgias,escolares,Hentai",T-Rex,Japonés,2,16minperep,Feb3de2022,Concluido,622,akane-wa-tsumare-somerareru
OVA,"tetonas,maduras,Hentai",Bluebread,Japonés,Desconocido,20minperep,Feb3de2022,Enemision,116,himitsu-no-kichi
OVA,Hentai,PoRO,Japonés,Desconocido,20min,Ene27de2022,Enemision,106,ero-ishi-seijun-bishoujo-wo-kotoba-takumi-ni-hametai-houdai
OVA,"tetonas,virgenes,escolares,Romance",Bluebread,Japonés,2,25min,Ene27de2022,Concluido,54,otome-wa-boku-ni-koishiteru-trinkle-stars-the-animation
Serie,"Romance,Fantasìa",StudioHokiboshi,Japonés,8,6min.,Ene9de2022aMar27de2022,Concluido,836,ouji-no-honmei-wa-akuyaku-reijou
ONA,Hentai,,Japonés,1,18min,Dic24de2021,Concluido,1141,kemonokko-tsuushin-the-animation-ushi-musume-bell
OVA,Hentai,Nur,Japonés,Desconocido,20min,Dic23de2021,Enemision,234,papa-katsu
OVA,Hentai,Studio1st,Japonés,Desconocido,15minperep,Dic23de2021,Concluido,99,girls-rush-the-animation
OVA,"incesto,tetonas,escolares,Romance",BreakBottle,Japonés,Desconocido,20min,Dic23de2021,Concluido,491,anehame-ore-no-hatsukoi-ga-jisshi-na-wake-ga-nai
OVA,"violacion,tetonas,virgenes,escolares",SuzukiMirano,Japonés,4,,Dic23de2021,Concluido,84,konbini-shoujo-z
OVA,"Romance,escolares,virgenes",Studio1st,Japonés,Desconocido,20min,Dic16de2021,Enemision,371,shishunki-no-obenkyou
OVA,"Hentai,Colegial,escolares,maduras,tetonas",Seven,Japonés,2,19minperep,Nov26de2021,Concluido,18,mama-x-holic-miwaku-no-mama-to-amaama-kankei-the-animation
OVA,Hentai,MousouSenka,Japonés,Desconocido,20min,Nov25de2021,Enemision,63,cosplay-change-pure-kei-joshidaisei-no-kiken-na-seiheki
OVA,"Hentai,orgias,anal,ahegao,tetonas,violacion",TeatroNishiTokyoStudio,Japonés,1,21min,Nov19de2021,Concluido,5,taimanin-shiranui-inyoku-no-dorei-shoufu
OVA,"Hentai,Romance,escolares,tentaculos",Studio1st,Japonés,1,26min,Oct29de2021,Concluido,21,onaho-kyoushitsu-joshi-zenin-ninshin-keikaku-the-animation
OVA,"Hentai,anal,tetonas,violacion,bondage,monstruos",AnimeAntennaIinkai,Japonés,2,17minperep,Oct15de2021aNov19de2021,Concluido,4,zoku-oujo-onna-kishi-w-do-gehin-roshutsu-chijoku-no-misemono-dorei
ONA,"Hentai,Romance,vanilla",RabbitGate,Japonés,8,6minperep,Oct3de2021aNov21de2021,Concluido,129,showtime-uta-no-oneesan-datte-shitai
ONA,"anal,virgenes,Yaoi,ShounenAi,Fantasìa,gay",StudioHokiboshi,Japonés,9,6minperep,Oct2de2021aNov27de2021,Concluido,90,maou-evelogia-ni-mi-wo-sasage-yo
OVA,"Hentai,Colegial,escolares,anal,bondage,lolis",T-Rex,Japonés,6,16minperep,Oct1de2021aDic3de2021,Concluido,17,chizuru-chan-kaihatsu-nikki
OVA,"Hentai,escolares,virgenes,tetonas",Nur,Japonés,4,24minperep,Sep24de2021aAbr28de2023,Concluido,16,soshite-watashi-wa-sensei-ni
OVA,"Hentai,Romance,maduras,tetonas,incesto",Seven,Japonés,1,28min,Sep24de2021,Concluido,22,torokase-orgasm-the-animation
ONA,"Hentai,escolares,incesto,violacion",Shion,Japonés,2,16minperep,Sep24de2021,Concluido,3,yamitsuki-pheromone-the-animation
ONA,"Hentai,escolares,anal,maduras,tetonas,violacion,bondage",,Japonés,2,16minperep,Sep17de2021aSep24de2021,Concluido,3,kono-kaisha-nanika-okashii
OVA,"Hentai,maduras,tetonas,violacion,bondage,lolis",T-Rex,Japonés,2,16minperep,Sep3de2021,Concluido,6,jashin-shoukan-inran-kyonyuu-oyako-ikenie-gishiki
OVA,"Fantasìa,Hentai,maduras,tetonas,bondage,monstruos",Seven,Japonés,1,27min,Ago27de2021,Concluido,17,kuroinu-ii-the-animation
OVA,Hentai,Majin,Japonés,Desconocido,20min,Ago26de2021,Enemision,257,usamimi-bouken-tan-sekuhara-shinagara-sekai-wo-sukue
OVA,"Hentai,Harem,softcore",T-Rex,Japonés,4,16minperep,Ago6de2021aAgo4de2023,Concluido,31,imaizumin-chi-wa-douyara-gal-no-tamariba-ni-natteru-rashii
OVA,"Hentai,ahegao,tetonas",Seven,Japonés,1,28min,Jul30de2021,Concluido,19,anette-san-to-liliana-san-the-animation
OVA,"Hentai,Colegial,tetonas,violacion,bondage",Bluebread,Japonés,4,19minperep,Jul30de2021aFeb18de2022,Concluido,9,succubus-appli-gakuen-sai
ONA,"Comedia,Hentai,Romance,tsundere",StudioHokiboshi,Japonés,8,6minperep,Jul5de2021aAgo23de2021,Concluido,41,yubisaki-kara-honki-no-netsujou-2-koibito-wa-shouboushi
OVA,"Hentai,escolares,virgenes,anal,tetonas",T-Rex,Japonés,4,16minperep,Jul1de2021aDic31de2022,Concluido,338,mako-chan-kaihatsu-nikki
OVA,"Hentai,Harem,escolares,ahegao,tetonas",Seven,Japonés,2,27minperep,Jun24de2021aNov24de2022,Concluido,76,eroge-de-subete-wa-kaiketsu-dekiru-the-animation
OVA,"Hentai,Colegial,maduras,tetonas,violacion",T-Rex,Japonés,1,16min,Jun4de2021,Concluido,20,netokano
OVA,"Hentai,tetonas,incesto",T-Rex,Japonés,1,16min,Jun4de2021,Concluido,12,netoshisu
OVA,"Hentai,virgenes,tetonas,violacion,monstruos",MousouSenka,Japonés,4,16minperep,May28de2021aNov26de2021,Concluido,5,karada-de-kaiketsu-hyakkiya-tantei-jimusho
OVA,"tetonas,maduras,Hentai",PoRO,Japonés,Desconocido,20min,May27de2021,Enemision,564,kazoku-haha-to-shimai-no-kyousei
OVA,"Hentai,escolares,virgenes,violacion",Seven,Japonés,2,17minperep,Abr30de2021aMay28de2021,Concluido,11,shidoukan-day-after-the-animation
OVA,"Hentai,virgenes,tetonas",Seven,Japonés,Desconocido,30min,Abr29de2021,Enemision,182,sakusei-byoutou-the-animation
OVA,"escolares,Harem,Hentai,shota",T-Rex,Japonés,2,16minperep,Abr28de2021,Concluido,32,uchi-no-otouto-maji-de-dekain-dakedo-mi-ni-konai
OVA,"Hentai,anal,incesto,bondage",Bluebread,Japonés,4,19minperep,Abr23de2021aNov5de2021,Concluido,27,bitch-na-inane-sama
ONA,"vanilla,tetonas,ShounenAi,Romance,Hentai,gay",Elias,Japonés,8,6minperep,Abr5de2021aMay24de2021,Concluido,108,kuro-gal-ni-natta-kara-shinyuu-to-shitemita
OVA,"Hentai,Romance,Colegial,escolares,virgenes,tsundere",T-Rex,Japonés,2,16minperep,Abr2de2021,Concluido,14,jk-fuuzoku-gakuensai
OVA,"Hentai,Colegial,escolares,violacion,bondage",Bluebread,Japonés,2,20minperep,Mar26de2021aMay28de2021,Concluido,11,tooi-kimi-ni-boku-wa-todokanai
ONA,"Hentai,anal,maduras,tetonas,violacion",,Japonés,2,15minperep,Mar12de2021aMar19de2021,Concluido,5,s-ke-ni-totsuida-m-jou-no-nichijou
OVA,"Hentai,Harem,escolares,virgenes,tetonas,violacion",Studio1st,Japonés,2,25minperep,Feb26de2021aMay28de2021,Concluido,4,real-eroge-situation-2-the-animation
ONA,"Hentai,Colegial,tsundere",PolyAnimation,Japonés,Desconocido,11min,Feb26de2021,Enemision,2,meijyou
ONA,"Hentai,escolares,tetonas,vanilla",,Japonés,1,13min,Feb24de2021,Concluido,5,shiawase-nara-niku-wo-morou-the-animation
OVA,"Hentai,Colegial,Harem,anal,violacion",T-Rex,Japonés,4,16minperep,Feb5de2021aMar5de2021,Concluido,11,ijirare-fukushuu-saimin
OVA,"Hentai,Colegial,escolares,violacion,tsundere",Nur,Japonés,2,25minperep,Ene29de2021aMar26de2021,Concluido,8,haitoku-no-kyoukai
ONA,"Hentai,escolares,virgenes,ahegao,tetonas",T-Rex,Japonés,1,16min,Ene29de2021,Concluido,21,ajisai-no-chiru-koro-ni
OVA,"Hentai,Romance,escolares,virgenes,tsundere",Seven,Japonés,2,25minperep,Ene29de2021aMar26de2021,Concluido,17,kimi-ga-suki-the-animation
ONA,"Hentai,Romance,maduras,tetonas,tsundere",StudioHokiboshi,Japonés,8,7minperep,Ene4de2021aFeb22de2021,Concluido,9,jimihen-jimiko-wo-kaechau-jun-isei-kouyuu
OVA,"Hentai,maduras,tetonas",Bluebread,Japonés,2,20minperep,Dic18de2020aFeb26de2021,Concluido,17,ano-ko-no-kawari-ni-suki-na-dake
OVA,"Hentai,Romance",BreakBottle,Japonés,2,17minperep,Dic4de2020aMar5de2021,Concluido,25,hajimete-no-orusuban
OVA,"Hentai,violacion,tsundere",PoRO,Japonés,4,24minperep,Nov27de2020aAgo27de2021,Concluido,13,white-blue
OVA,"Hentai,maduras,violacion,monstruos,tsundere",Studio1st,Japonés,1,27min,Nov27de2020,Concluido,18,oneshota-the-animation
OVA,"Hentai,maduras,tetonas,violacion,bondage",Seven,Japonés,6,17minperep,Oct30de2020aSep29de2023,Concluido,15,toshoshitsu-no-kanojo-seiso-na-kimi-ga-ochiru-made-the-animation
ONA,"Hentai,virgenes",SELFISH,Japonés,1,15min,Oct30de2020,Concluido,20,toromitsu-musume-no-hitou-service-torottoro-churu-churu-gohoushi-sasete-kudasai
OVA,"Fantasìa,Hentai,tetonas,violacion",Majin,Japonés,4,16minperep,Oct30de2020aMar26de2021,Concluido,17,knight-of-erin
OVA,"Hentai,Sobrenatural,anal,tetonas,violacion,hardcore,tentaculos",TeatroNishiTokyoStudio,Japonés,1,18min,Oct30de2020,Concluido,1,taimanin-asagi-toraware-no-niku-ningyou
OVA,"Hentai,maduras,tetonas,tsundere",Seven,Japonés,1,27min,Oct30de2020,Concluido,15,kaa-chan-no-tomodachi-ni-shikotteru-tokoro-mirareta-the-animation
ONA,"Hentai,Romance,virgenes,maduras,tetonas,tsundere",Seven,Japonés,12,20minperep,Oct5de2020aDic21de2020,Concluido,24,eternity-shinya-no-nurekoi-channel
ONA,"Comedia,Hentai,Romance,tetonas",EtherKitten,Japonés,8,6minperep,Oct5de2020aNov23de2020,Concluido,10,otona-nya-koi-no-shikata-ga-wakaranee
OVA,"Hentai,Harem,ahegao,tetonas",T-Rex,Japonés,2,16minperep,Oct2de2020aNov6de2020,Concluido,16,aku-no-onna-kanbu-full-moon-night-r
OVA,"Hentai,Romance,tsundere",Seven,Japonés,1,16min,Sep26de2020,Concluido,15,uwaki-to-honki-the-animation
ONA,"Hentai,Colegial,virgenes,tetonas,vanilla",PeakHunt,Japonés,3,6minperep,Sep7de2020aSep21de2020,Concluido,29,ookami-san-wa-taberaretai
OVA,"Hentai,Romance,escolares,virgenes,tetonas",Nur,Japonés,Desconocido,25min,Ago28de2020,Enemision,8,kanojo-ga-yatsu-ni-idakareta-hi
OVA,"Hentai,escolares,virgenes,ahegao,tetonas,violacion,tsundere",Seven,Japonés,2,25minperep,Ago28de2020aDic23de2020,Concluido,15,succubus-stayed-life-the-animation
OVA,"Hentai,Colegial,escolares,tetonas,lolis",Bluebread,Japonés,2,20minperep,Ago28de2020aOct23de2020,Concluido,19,shikiyoku-infinite
OVA,"Fantasìa,Hentai,anal,maduras,tetonas,violacion",AnimeAntennaIinkai,Japonés,2,19minperep,Ago28de2020aOct23de2020,Concluido,6,oujo-onna-kishi-w-do-gehin-roshutsu
OVA,"Hentai,Romance,virgenes,tetonas",Seven,Japonés,2,23minperep,Jul31de2020aFeb26de2021,Concluido,12,kohakuiro-no-hunter-the-animation
OVA,"Fantasìa,Hentai,virgenes,tetonas,rubias",Majin,Japonés,4,16minperep,Jul31de2020aDic25de2020,Concluido,52,isekai-harem-monogatari
OVA,"Hentai,anal,tetonas,violacion",BreakBottle,Japonés,2,17minperep,Jul31de2020aSep25de2020,Concluido,7,natsu-ga-owaru-made-the-animation
OVA,"Hentai,Romance,virgenes,tetonas,tsundere",Bluebread,Japonés,2,19minperep,Jul17de2020aSep25de2020,Concluido,17,muramata-san-no-himitsu
OVA,"Hentai,orgias,tetonas,violacion,bondage,tentaculos",AnimeAntennaIinkai,Japonés,2,28minperep,Jul17de2020aEne29de2021,Concluido,4,soukou-seiki-ysphere-ingyaku-no-sennou-kaizou
OVA,"Hentai,Colegial,virgenes,tetonas,violacion",BreakBottle,Japonés,2,19minperep,Jun26de2020aAgo28de2020,Concluido,7,kutsujoku-2-the-animation
OVA,"Hentai,anal,maduras,tetonas,incesto",T-Rex,Japonés,2,16minperep,Jun5de2020aJul3de2020,Concluido,78,ane-wa-yanmama-junyuu-chuu
OVA,"Hentai,Colegial,escolares,anal",Seven,Japonés,1,28min,May29de2020,Concluido,15,sex-friend-osananajimi-shojo-to-doutei-wa-hazukashii-tte-minna-ga-iu-kara-the-animation
OVA,"Hentai,escolares,virgenes,maduras,ahegao,tetonas",T-Rex,Japonés,2,16minperep,May29de2020aJun5de2020,Concluido,9,yarichin-kateikyoushi-netori-houkoku
OVA,"Hentai,Colegial,escolares,tetonas,violacion,tsundere",PoRO,Japonés,4,24minperep,May29de2020aDic25de2020,Concluido,5,shihai-no-kyoudan
OVA,"tetonas,maduras,Hentai",NewGeneration,Japonés,Desconocido,15minperep,May21de2020,Enemision,137,hajimete-no-hitozuma
ONA,"Hentai,Yuri,Harem,escolares,virgenes,maduras,tetonas,incesto",,Japonés,1,20min,Abr30de2020,Concluido,8,sexfriend-gakuen
OVA,"Hentai,Colegial,escolares,virgenes,maduras,tetonas,incesto,violacion",Bluebread,Japonés,2,20minperep,Abr24de2020aJul3de2020,Concluido,11,haritsuke
OVA,"Hentai,ahegao,tetonas,violacion",SuzukiMirano,Japonés,4,16minperep,Abr24de2020aOct30de2020,Concluido,10,sotsugyou-densha
OVA,"maduras,anal,Harem,Yuri,Hentai,tetonas,tsundere",Seven,Japonés,2,16minperep,Abr24de2020aMay29de2020,Concluido,19,suketto-sanjou-the-animation
OVA,"escolares,maduras,tetonas",Nur,Japonés,Desconocido,,Abr23de2020,Enemision,306,chiisana-tsubomi-no-sono-oku-ni
ONA,"Hentai,Romance,tetonas",MagicBus,Japonés,8,6minperep,Abr6de2020aMay25de2020,Concluido,39,ore-no-yubi-de-midarero-heitengo-futarikiri-no-salon-de
OVA,"Fantasìa,Hentai,Harem,maduras,ahegao,tetonas,incesto",T-Rex,Japonés,2,15minperep,Abr3de2020aMay29de2020,Concluido,21,kyonyuu-princess-saimin
OVA,"Hentai,Romance,escolares,maduras,tetonas",Seven,Japonés,2,18minperep,Mar27de2020,Concluido,12,inmou
OVA,"Hentai,Harem,escolares,anal,maduras,tetonas,incesto,violacion,tentaculos",SuzukiMirano,Japonés,8,16minperep,Mar27de2020aJul30de2021,Concluido,9,jitaku-keibiin-2
ONA,"Hentai,anal,tetonas,incesto,bondage",,Japonés,1,21min,Mar11de2020,Concluido,13,ushichichi-tabehoudai-the-animation
OVA,"Hentai,virgenes,maduras,tetonas,tsundere",T-Rex,Japonés,2,16minperep,Mar6de2020aAbr3de2020,Concluido,12,shikijou-kyoudan
OVA,"Hentai,escolares,virgenes,incesto,lolis",Studio1st,Japonés,4,17minperep,Mar6de2020aSep3de2021,Concluido,13,oniichan-asa-made-zutto-gyutte-shite
OVA,"Hentai,incesto,bondage,lolis",Studio1st,Japonés,2,25minperep,Feb28de2020aJun26de2020,Concluido,28,aisei-tenshi-love-mary-akusei-jutai-the-animation
ONA,"Fantasìa,Hentai,maduras,tetonas,tentaculos,monstruos",OfficeNo.8,Japonés,2,15minperep,Feb21de2020aFeb28de2020,Concluido,8,meltys-quest
OVA,"Fantasìa,Hentai,Yuri,Harem,Sobrenatural,monstruos",T-Rex,Japonés,2,16minperep,Feb7de2020aMar6de2020,Concluido,6,youma-shoukan-e-youkoso
OVA,"Hentai,tetonas,vanilla,bondage",Seven,Japonés,2,26minperep,Ene31de2020aNov24de2023,Concluido,15,tonari-no-ie-no-anette-san-the-animation
OVA,"Hentai,Colegial,Harem,incesto,bondage",T-Rex,Japonés,2,15minperep,Ene31de2020aFeb7de2020,Concluido,36,chii-chan-kaihatsu-nikki
OVA,"vanilla,Romance",Majin,Japonés,10,16minperep,Ene30de2020aMay26de2022,Concluido,214,enjo-kouhai
ONA,"Hentai,anal,violacion,tentaculos,monstruos",SELFISH,Japonés,2,15minperep,Ene25de2020aEne31de2020,Concluido,8,niplheim-no-karyuudo
ONA,"Hentai,Yuri,tetonas,violacion,tentaculos",PeakHunt,Japonés,1,24min,Ene24de2020,Concluido,8,fukai-ni-nemuru-oujo-no-abaddon-the-animation
ONA,"Hentai,Romance,Harem,incesto,tsundere",StudioHokiboshi,Japonés,8,7minperep,Ene6de2020aFeb24de2020,Concluido,46,overflow
OVA,"Hentai,orgias,tetonas,violacion,tentaculos",,Japonés,1,19min,Dic27de2019,Concluido,0,valkyrie-hazard
OVA,"Hentai,escolares,violacion",Nur,Japonés,4,25minperep,Dic27de2019aAgo27de2021,Concluido,15,nozoki-kanojo
OVA,"Hentai,Colegial,Harem,escolares,violacion,tsundere",Bluebread,Japonés,2,19minperep,Dic26de2019aFeb27de2020,Concluido,12,kiss-hug
OVA,"Hentai,maduras,tetonas",Studio1st,Japonés,1,23min,Dic20de2019,Concluido,15,boku-to-joi-no-shinsatsu-nisshi-the-animation
OVA,"Hentai,Romance,tetonas,vanilla",Seven,Japonés,1,27min,Nov29de2019,Concluido,10,aibeya-the-animation
OVA,"Hentai,Romance,Colegial,Harem,escolares,incesto,violacion,tsundere",T-Rex,Japonés,2,16minperep,Nov1de2019aDic6de2019,Concluido,2,kutsujoku
OVA,"Hentai,Romance,Harem,virgenes,tetonas,incesto",Shion,Japonés,1,26min,Oct24de2019,Concluido,22,shigokare-ecchi-na-joshi-daisei-to-doki-x2-love-lesson-the-animation
ONA,"Hentai,Romance",MagicBus,Japonés,8,6minperep,Oct7de2019aNov25de2019,Concluido,23,xl-joushi
OVA,"Hentai,Romance,Colegial,Deportes,Harem,virgenes,incesto,violacion",T-Rex,Japonés,6,16minperep,Sep6de2019aJun2de2023,Concluido,31,joshi-luck
ONA,"Fantasìa,Hentai,ahegao,tentaculos,monstruos",,Japonés,1,15min,Jul26de2019,Concluido,5,naedoko-demons-ground
OVA,"Fantasìa,Hentai,Harem,virgenes,incesto,violacion,bondage",Majin,Japonés,4,16minperep,Jul26de2019aDic27de2019,Concluido,16,ochi-mono-rpg-seikishi-luvilias
ONA,"Comedia,Hentai,Romance,gay,tsundere",StudioHokiboshi,Japonés,8,6minperep,Jul8de2019aSep2de2019,Concluido,46,yubisaki-kara-honki-no-netsujou-osananajimi-wa-shouboushi
OVA,"Hentai,Romance,Harem,tetonas,incesto",T-Rex,Japonés,2,15minperep,Jul5de2019aAgo2de2019,Concluido,15,ecchi-na-oneechan-ni-shiboraretai
OVA,"Hentai,Harem,escolares,tetonas",Studio1st,Japonés,1,26min,Jun28de2019,Concluido,15,tenioha-2-nee-motto-ecchi-na-koto-ippai-shiyo-the-animation
OVA,"Fantasìa,Hentai,anal,tentaculos,monstruos,tsundere",PoRO,Japonés,4,24minperep,Jun28de2019aFeb28de2020,Concluido,13,shakuen-no-eris
OVA,"Hentai,Colegial,virgenes,tetonas,incesto,violacion,lolis",Bluebread,Japonés,2,19minperep,Jun21de2019aSep27de2019,Concluido,10,sakuramiya-shimai-no-netorare-kiroku
OVA,"Hentai,virgenes,maduras,tetonas",T-Rex,Japonés,2,30minperep,May31de2019aAgo30de2019,Concluido,9,master-piece-the-animation
OVA,"Hentai,Yuri,Harem,incesto,lolis,tsundere",SuzukiMirano,Japonés,4,16minperep,May31de2019aSep27de2019,Concluido,10,jitaku-keibiin-2019
OVA,"Hentai,Harem,anal,incesto,violacion,lolis",PoRO,Japonés,4,23minperep,May31de2019aJun26de2020,Concluido,18,himesama-love-life
OVA,"Hentai,Yuri,Harem,anal,tetonas,incesto",T-Rex,Japonés,2,15minperep,May31de2019aJun7de2019,Concluido,6,megane-no-megami
ONA,"Fantasìa,Hentai,anal,violacion,lolis,tentaculos,monstruos",OfficeNo.8,Japonés,2,15minperep,May17de2019aJun7de2019,Concluido,6,onna-maou-melissa-no-h-na-boukenki
OVA,"Hentai,Romance,virgenes,tetonas,tsundere",Seven,Japonés,1,26min,Abr26de2019,Concluido,14,aikagi-the-animation
OVA,"Hentai,escolares,maduras,tetonas",T-Rex,Japonés,2,15minperep,Abr5de2019aMay31de2019,Concluido,6,tsuma-ga-kirei-ni-natta-wake
OVA,"Hentai,Colegial,Yuri,escolares,bondage",AnimeAntennaIinkai,Japonés,2,16minperep,Mar29de2019aJun28de2019,Concluido,7,bitch-gakuen-ga-seijun-na-hazu-ga-nai-the-animation
OVA,"Hentai,Harem,incesto,violacion,bondage",PoRO,Japonés,4,23minperep,Mar29de2019aEne31de2020,Concluido,14,sansha-mendan-rensa-suru-chijoku-choukyou-no-gakuen
OVA,"Hentai,Romance,Yuri,escolares,tetonas",Shion,Japonés,1,27min,Feb22de2019,Concluido,6,kami-machi-sana-chan-the-animation
OVA,"Hentai,maduras,tetonas,violacion",Bluebread,Japonés,2,20minperep,Feb22de2019aAbr12de2019,Concluido,25,yue-ni-hitozuma-wa-netorareta
OVA,"Hentai,Yuri,Harem,maduras,tetonas,incesto,violacion,tsundere",T-Rex,Japonés,6,16minperep,Feb1de2019aMar4de2022,Concluido,22,saimin-seishidou
OVA,"Hentai,Romance,tsundere",Seven,Japonés,1,25min,Ene30de2019,Concluido,19,wagaya-no-liliana-san-the-animation
ONA,"Hentai,Harem,escolares,maduras,tetonas,incesto,lolis,tsundere",OfficeTakeOut,Japonés,2,19minperep,Ene18de2019aSep20de2019,Concluido,68,gaki-ni-modotte-yarinaoshi
ONA,"ShounenAi,Hentai,gay",MagicBus,Japonés,8,6minperep,Ene7de2019aFeb25de2019,Concluido,25,papa-datte-shitai
OVA,"violacion,tetonas,anal,Hentai,tentaculos,monstruos",BreakBottle,Japonés,4,20minperep,Dic21de2018aMar6de2020,Concluido,4,venus-blood-brave
OVA,"Hentai,Romance,anal,incesto,tsundere",Studio1st,Japonés,1,22min,Nov30de2018,Concluido,12,boku-to-nurse-no-kenshuu-nisshi-the-animation
ONA,"Fantasìa,Hentai,escolares,violacion,monstruos",Studio1st,Japonés,4,15minperep,Nov30de2018aDic20de2019,Concluido,9,runes-pharmacy-tiarajima-no-okusuriya-san
OVA,"Fantasìa,Hentai,ahegao,violacion,bondage",TeatroNishiTokyoStudio,Japonés,1,15min,Nov22de2018,Concluido,14,makai-kishi-ingrid-re-mesu-buta-dorei-ni-ochita-makai-kishi
OVA,"Fantasìa,Hentai,Yuri,Harem,anal,incesto,bondage,tentaculos,monstruos",PoRO,Japonés,4,25minperep,Oct26de2018aSep27de2019,Concluido,6,maken-no-hime-wa-ero-ero-desu
OVA,"Hentai,escolares,virgenes,violacion,lolis",Shion,Japonés,1,20min,Oct26de2018,Concluido,19,kansen-sodom
OVA,"Hentai,Colegial,escolares,incesto,violacion,lolis",NewGeneration,Japonés,4,15minperep,Oct26de2018aSep3de2021,Concluido,36,oyasumi-sex
OVA,"Hentai,Yuri,Sobrenatural,lolis,monstruos,tsundere",Majin,Japonés,4,17minperep,Sep28de2018aFeb22de2019,Concluido,46,tiny-evil
OVA,"Hentai,anal,incesto,bondage",Bluebread,Japonés,2,20minperep,Sep21de2018aNov30de2018,Concluido,11,tinderbox
ONA,"Hentai,Yuri,orgias,virgenes,tetonas,violacion",OfficeTakeOut,Japonés,2,15minperep,Sep14de2018aSep21de2018,Concluido,13,rape-gouhouka
OVA,"Hentai,Colegial,Harem,escolares,maduras,tetonas,incesto",Bluebread,Japonés,2,20minperep,Ago28de2018aOct26de2018,Concluido,3,hasande-ageru
ONA,"Hentai,Terror,anal,incesto,bondage",OfficeNo.8,Japonés,2,14minperep,Ago27de2018aAgo31de2018,Concluido,6,kunoichi-botan
OVA,"Fantasìa,Hentai,Romance,Harem,virgenes,tetonas",FlavorsSoft,Japonés,2,17minperep,Ago2de2018aDic6de2018,Concluido,3,elf-no-oshiego-to-sensei
ONA,"Hentai,Yuri,Harem,virgenes,tetonas,violacion,lolis",OfficeTakeOut,Japonés,2,15minperep,Jul13de2018aJul20de2018,Concluido,38,muchi-muchi-kyousei-seichouchuu
ONA,"Comedia,Hentai,Romance,Harem,incesto,tsundere",Ark,Japonés,9,6minperep,Jul2de2018aAgo27de2018,Concluido,13,joshiochi-2-kai-kara-onnanoko-ga-futtekita
ONA,"Hentai,escolares,virgenes,tetonas,violacion",T-Rex,Japonés,2,15minperep,Jun5de2018aJun22de2018,Concluido,11,nuresuke-jk-ameyadori-rape
OVA,"Hentai,Colegial,Harem,escolares,virgenes,tetonas",T-Rex,Japonés,2,15minperep,Jun1de2018aJul6de2018,Concluido,30,muttsuri-dosukebe-tsuyu-gibo-shimai-no-honshitsu-minuite-sex-sanmai
OVA,"Hentai,Romance,virgenes,maduras,lolis",CollaborationWorks,Japonés,6,16minperep,May25de2018aDic27de2019,Concluido,61,dokidoki-little-ooyasan
OVA,"Hentai,Romance,escolares,bondage,lolis,tsundere",SuzukiMirano,Japonés,6,16minperep,Abr27de2018aNov29de2019,Concluido,16,ore-ga-kanojo-wo-su-wake
OVA,"Hentai,tetonas,violacion",T-Rex,Japonés,2,23minperep,Feb23de2018aJun29de2018,Concluido,5,nariyukipapakatsu-girls-the-animation
OVA,"Hentai,Harem,escolares,virgenes,violacion",Seven,Japonés,2,27minperep,Ene26de2018aAgo31de2018,Concluido,12,real-eroge-situation-the-animation
ONA,"Hentai,Romance,Colegial,tetonas",Lyrics,Japonés,12,5minperep,Ene8de2018aMar26de2018,Concluido,43,25-sai-no-joshikousei
OVA,"Hentai,tetonas",OfficeTakeOut,Japonés,1,16min,Nov30de2017,Concluido,2,juvenile-pornography-the-animation
OVA,"Hentai,escolares,virgenes,violacion,tsundere",SuzukiMirano,Japonés,4,17minperep,Oct27de2017aFeb23de2018,Concluido,8,kagirohi-shaku-kei-another
OVA,"Hentai,Colegial,escolares,virgenes,vanilla",Silver,Japonés,2,15minperep,Oct5de2017aDic21de2017,Concluido,13,kime-koi
ONA,"Hentai,Romance,virgenes,tetonas",Seven,Japonés,12,4minperep,Oct2de2017aDic18de2017,Concluido,21,omiai-aite-wa-oshiego-tsuyoki-na-mondaiji
OVA,"Hentai,anal,violacion,bondage,SinCensura",T-Rex,Japonés,1,27min,Sep28de2017,Concluido,12,otomedomain-the-animation
OVA,"Hentai,escolares,orgias,virgenes,anal,tetonas,violacion",BreakBottle,Japonés,2,17minperep,Jul7de2017aSep8de2017,Concluido,7,toriko-no-kusari-shojo-tachi-wo-yogosu-midara-na-kusabi
OVA,"Hentai,tetonas,lolis",Studio9Maiami,Japonés,1,16min,Jul7de2017,Concluido,11,swamp-stamp-anime-edition
ONA,"Drama,Hentai,escolares,virgenes,tetonas",MagicBus,Japonés,12,4minperep,Jul3de2017aSep18de2017,Concluido,17,skirt-no-naka-wa-kedamono-deshita
OVA,"Hentai,maduras,tetonas,lolis,tentaculos",Studio9Maiami,Japonés,1,24min,May6de2017,Concluido,12,zton-jingai-animation-a-beautiful-greed-nulu-nulu
OVA,"Hentai,Colegial,virgenes,violacion,bondage",Studio1st,Japonés,1,18min,May5de2017,Concluido,12,dainiji-ura-nyuugakushiken-the-animation
ONA,"Drama,Hentai,Romance,escolares,virgenes,tetonas",Seven,Japonés,12,4minperep,Abr3de2017aJun19de2017,Concluido,15,souryo-to-majiwaru-shikiyoku-no-yoru-ni
OVA,"Hentai,Colegial,Yuri,escolares,incesto,lolis,tsundere",SuzukiMirano,Japonés,4,17minperep,Mar31de2017aSep29de2017,Concluido,15,jitaku-keibiin
OVA,"Hentai,Romance,escolares,virgenes,anal,ahegao,tetonas,violacion",CollaborationWorks,Japonés,4,17minperep,Feb24de2017aAgo18de2017,Concluido,7,nuki-doki-tenshi-to-akuma-no-sakusei-battle-revolution
OVA,"Hentai,escolares,virgenes,tetonas,incesto,tsundere",T-Rex,Japonés,1,15min,Feb3de2017,Concluido,5,green-eyes-ane-kyun-yori-the-animation
OVA,"Hentai,ShounenAi,Yaoi,anal,gay",Studio9Maiami,Japonés,1,18min,Dic31de2016,Concluido,29,otokonoko-delivery
OVA,"Fantasìa,Harem,virgenes",AnDerCen,Japonés,1,27min,Dic22de2016,Concluido,8,trick-or-alice
OVA,"Hentai,anal,incesto,bondage",T-Rex,Japonés,1,15min,Nov4de2016,Concluido,16,iizuka-senpai-x-blazer-ane-kyun-yori-the-animation
OVA,virgenes,NewGeneration,Japonés,4,18min,Oct6de2016aMar1de2018,Concluido,1374,shoujo-ramune
OVA,"Hentai,Colegial,Harem,escolares,virgenes,incesto,violacion,lolis",StudioEromatick,Japonés,2,16minperep,Sep2de2016aDic2de2016,Concluido,11,shoujo-tachi-no-sadism-the-animation
OVA,"Hentai,Harem,escolares,anal,lolis",G-Lam,Japonés,1,29min,Abr28de2016,Concluido,23,koinaka-koinaka-de-hatsukoi-x-nakadashi-sexual-life-the-animation
OVA,"Hentai,Romance,Colegial,escolares,virgenes,tetonas",T-Rex,Japonés,2,26minperep,Mar25de2016aJul29de2016,Concluido,5,pretty-x-cation-the-animation
OVA,"Hentai,Harem,escolares,virgenes,tetonas,incesto,lolis,monstruos",T-Rex,Japonés,2,15minperep,Mar18de2016aAbr22de2016,Concluido,8,marshmallow-imouto-succubus
OVA,"Hentai,Colegial,Yuri,escolares,virgenes,incesto,violacion",PoRO,Japonés,6,23minperep,Feb26de2016aDic29de2017,Concluido,14,jk-to-ero-konbini-tenchou
OVA,"Hentai,Romance,Yuri,virgenes,anal,tetonas",Studio9Maiami,Japonés,2,28minperep,Feb26de2016aFeb3de2017,Concluido,13,shinsei-futanari-idol-dekatama-kei
OVA,"Hentai,Romance,Yuri,tetonas,tsundere",NewGeneration,Japonés,6,19minperep,Ene22de2016aSep7de2018,Concluido,26,toshi-densetsu-series
OVA,"Hentai,Sobrenatural,maduras,tetonas,tentaculos,monstruos",T-Rex,Japonés,2,21minperep,Oct30de2015,Concluido,3,taimanin-asagi-2
OVA,"Hentai,Colegial,escolares,virgenes,tetonas,incesto,violacion",PoRO,Japonés,6,21minperep,Oct30de2015aSep25de2020,Concluido,6,mesu-kyoushi-4-kegasareta-kyoudan
OVA,"Hentai,Romance,virgenes,anal,incesto,lolis",Studio9Maiami,Japonés,3,16minperep,Oct2de2015aJul1de2016,Concluido,49,chicchana-onaka
OVA,"ShoujoAi,Harem,anal,incesto",Studio9Maiami,Japonés,1,29min,Jun25de2015,Concluido,100,futa-bu-mix-futanari-world
OVA,"Hentai,escolares,virgenes,anal,tetonas,violacion,hardcore",SuzukiMirano,Japonés,4,29minperep,May29de2015aOct30de2015,Concluido,9,gakuen-de-jikan-yo-tomare
OVA,"Hentai,Romance,Yuri,Harem,virgenes,anal,incesto,vanilla",CollaborationWorks,Japonés,4,29minperep,Mar27de2015aAgo28de2015,Concluido,30,mankitsu-happening
OVA,"Hentai,Colegial,escolares,anal",T-Rex,Japonés,2,16minperep,Feb20de2015aMar20de2015,Concluido,23,kanojo-wa-dare-to-demo-sex-suru
OVA,"Hentai,ShoujoAi,Harem,tetonas,violacion",Studio9Maiami,Japonés,2,20minperep,Feb19de2015aAbr30de2015,Concluido,62,futa-bu-2
OVA,"Hentai,SinCensura",Studio1st,Japonés,1,24min,Dic26de2014,Concluido,20,koi-maguwai
OVA,"Comedia,Fantasìa,Hentai,virgenes,anal,ahegao,violacion,bondage",Seven,Japonés,4,29minperep,Dic25de2014aJun23de2016,Concluido,3,rance-01-hikari-wo-motomete-the-animation
OVA,"Hentai,Romance,Harem,escolares,virgenes,tetonas",StudioEromatick,Japonés,2,16minperep,Sep25de2014aOct30de2014,Concluido,10,spocon
OVA,"Hentai,escolares,virgenes,tetonas,tsundere",PeakHunt,Japonés,1,20min,Feb28de2014,Concluido,9,mou-hasamazu-ni-wa-irarenai-hoshi-ni-onegai-shitara-konnani-okkiku-nacchatta
OVA,"Hentai,ShoujoAi,Harem,virgenes,anal",Studio9Maiami,Japonés,2,22minperep,Feb20de2014aMay1de2014,Concluido,68,futa-bu
OVA,"Hentai,maduras,tetonas",,Japonés,1,18min,Dic6de2013,Concluido,2,naisho-no-wakana-san
OVA,"Hentai,virgenes,anal,maduras,tetonas",RabbitGate,Japonés,2,14minperep,Nov22de2013aEne31de2014,Concluido,13,tenioha-onnanoko-datte-honto-wa-ecchi-da-yo
OVA,"Hentai,Romance,Colegial,tetonas",Studio9Maiami,Japonés,4,22minperep,Oct26de2013aAbr10de2014,Concluido,6,tayu-tayu
OVA,"Hentai,orgias,anal,ahegao,tetonas,violacion",OfficeTakeOut,Japonés,1,28min,Sep27de2013,Concluido,3,oyako-rankan-the-animation
OVA,"Hentai,tetonas,violacion,SinCensura",Studio1st,Japonés,1,16min,Jun21de2013,Concluido,12,m-ogui-last-order
OVA,"Hentai,Harem,escolares,tetonas",T-Rex,Japonés,1,26min,Feb22de2013,Concluido,7,fault-service-aratanaru-rival
OVA,"Comedia,Sci-Fi,Harem,virgenes,tentaculos",HoodsEntertainment,Japonés,1,25min,Feb20de2013,Concluido,15,kagaku-na-yatsura
OVA,"Hentai,Colegial,incesto",StudioProkion,Japonés,2,25minperep,Feb15de2013aMay17de2013,Concluido,15,ane-koi-suki-kirai-daisuki
ONA,"Hentai,Romance,ShounenAi,Yaoi,lolis",Studio9Maiami,Japonés,3,14minperep,Ene27de2013aJul11de2013,Concluido,27,natsuyasumi
OVA,"Hentai,maduras,ahegao,tetonas,incesto",IshibashiPlanning,Japonés,1,22min,Ene24de2013,Concluido,25,miboujin-nikki-akogare-no-ano-hito-to-hitotsu-yane-no-shita
OVA,"Hentai,tetonas",T-Rex,Japonés,2,28minperep,Dic21de2012aMar22de2013,Concluido,1,koiito-kinenbi-the-animation
OVA,"Hentai,Harem,virgenes,tetonas,violacion",RabbitGate,Japonés,3,19minperep,Oct25de2012aAbr12de2018,Concluido,7,kansen-5-the-daybreak
OVA,"Hentai,Romance,Yuri,Harem,maduras,tetonas,SinCensura",StudioProkion,Japonés,1,25min,Sep21de2012,Concluido,20,gogo-no-kouchou-junai-mellow-yori
OVA,"Hentai,Colegial,Harem,anal,incesto,tsundere",Seven,Japonés,2,20minperep,May25de2012aSep28de2012,Concluido,5,otome-dori
OVA,"tetonas,anal,Sobrenatural,Hentai,Fantasìa",Majin,Japonés,2,29minperep,May24de2012aJul26de2012,Concluido,119,kyonyuu-fantasy
OVA,"Hentai,tetonas,violacion",CollaborationWorks,Japonés,2,29minperep,Abr26de2012aAgo30de2012,Concluido,4,please-rape-me
OVA,"Hentai,Romance,Colegial,Harem,escolares,ahegao,tetonas,vanilla",Y.O.U.C,Japonés,2,27minperep,Abr20de2012aJul20de2012,Concluido,9,cele-kano
OVA,"Hentai,maduras,tetonas,SinCensura",T-Rex,Japonés,1,17min,Abr16de2012,Concluido,3,netorare-zuma
OVA,"Accion,Fantasìa,Hentai,orgias,virgenes,anal,maduras,ahegao,tetonas,violacion,bondage",Majin,Japonés,6,25minperep,Ene27de2012aDic28de2018,Concluido,14,kuroinu-kedakaki-seijo-wa-hakudaku-ni-somaru
OVA,"Hentai,Romance,Harem,tetonas,incesto,tsundere",RabbitGate,Japonés,2,14minperep,Dic30de2011aAbr6de2012,Concluido,27,nee-summer
OVA,"Hentai,orgias,maduras,tetonas,violacion",T-Rex,Japonés,1,16min,Dic16de2011,Concluido,240,love-bitch-yasashii-onna
OVA,"Hentai,Colegial,Harem,escolares,lolis,tsundere",AnimeAntennaIinkai,Japonés,2,28minperep,Dic9de2011aAbr20de2012,Concluido,12,imouto-paradise
OVA,"Hentai,Harem,orgias,virgenes,tetonas",T-Rex,Japonés,2,30minperep,Nov18de2011aMar23de2012,Concluido,10,aku-no-onna-kanbu
OVA,"Hentai,maduras,tetonas,incesto",Y.O.U.C,Japonés,2,27minperep,Oct21de2011aFeb17de2012,Concluido,11,tsuma-no-haha-sayuri
OVA,"Fantasìa,Hentai,Harem,bondage,tsundere",PoRO,Japonés,1,28min,Ago26de2011,Concluido,8,wizard-girl-ambitious
OVA,"Fantasìa,Hentai,Yuri,Sobrenatural,anal,lolis,monstruos",Seven,Japonés,1,24min,Ago26de2011,Concluido,18,buta-himesama
OVA,"Hentai,Romance,maduras,tetonas",Y.O.U.C,Japonés,2,27minperep,Ago19de2011aDic16de2011,Concluido,3,maid-ane
OVA,"Hentai,Harem,tetonas",OfficeTakeOut,Japonés,2,28minperep,May27de2011aAgo26de2011,Concluido,13,menkui
OVA,"Hentai,maduras,tetonas",Mouse,Japonés,1,16min,Mar11de2011,Concluido,9,otokonoko-ojousama
OVA,"Hentai,Romance,maduras,tetonas,tsundere",G-Lam,Japonés,1,22min,Dic22de2010,Concluido,8,aisai-nikki
OVA,"Hentai,maduras,tetonas,tsundere",StudioBoogieNights,Japonés,1,21min,Nov17de2010,Concluido,8,akina-to-onsen-de-h-shiyo
OVA,"Hentai,Romance,Yuri,tetonas,tsundere",,Japonés,3,15minperep,Oct15de2010aMar7de2014,Concluido,11,bust-to-bust-chichi-wa-chichi-ni
OVA,"Fantasìa,Hentai,anal,violacion,bondage,tentaculos,monstruos",Studio9Maiami,Japonés,3,29minperep,Jun10de2010aNov17de2011,Concluido,6,princess-knightcatue
OVA,"Hentai,virgenes,tetonas,tentaculos,monstruos",StudioEromatick,Japonés,1,31min,Abr22de2010,Concluido,6,seitokaichou-hikaru
OVA,"Hentai,maduras,tetonas",StudioTenCarat,Japonés,3,7minperep,Abr19de2010,Concluido,11,arbeit-shiyo
OVA,"Hentai,Harem,tetonas,incesto,lolis",StudioEromatick,Japonés,3,29minperep,Dic25de2009aMay20de2011,Concluido,13,kanojo-x-kanojo-x-kanojo-sanshimai-to-no-dokidoki-kyoudou-seikatsu
OVA,"Hentai,Colegial,escolares,tsundere",StudioBoogieNights,Japonés,6,19minperep,Dic20de2009aDic9de2011,Concluido,8,issho-ni-h-shiyo
OVA,"Hentai,Harem,virgenes,maduras,tetonas,SinCensura",Y.O.U.C,Japonés,2,28minperep,Sep10de2009aDic10de2009,Concluido,5,soukan-yuugi-2
OVA,"Fantasìa,Hentai,Harem,violacion,bondage,tentaculos,monstruos",AnimeAntennaIinkai,Japonés,4,29minperep,Jun26de2009aAgo27de2010,Concluido,14,makai-kishi-ingrid
OVA,"Hentai,Colegial,Harem,escolares,incesto,tsundere",StudioSoul,Japonés,2,29minperep,May25de2009aAgo25de2009,Concluido,7,kimihagu
OVA,"Hentai,Colegial,escolares,maduras,tetonas",Y.O.U.C,Japonés,2,26minperep,Oct10de2008aEne9de2009,Concluido,3,oppai-life
OVA,"Hentai,ShounenAi,Yaoi,lolis,gay",SugarBoy,Japonés,1,35min,Oct9de2008,Concluido,18,pico-x-coco-x-chico
OVA,"Hentai,Romance,Colegial,bondage",MaboroshiKoubou,Japonés,3,28minperep,May23de2008aOct31de2008,Concluido,12,stringendo-accelerando-ultimatum-sera
OVA,"Hentai,Romance,maduras,tetonas",OzInc.,Japonés,2,25minperep,Abr18de2008aJun20de2008,Concluido,16,aniyome-wa-ijippari
OVA,"Hentai,SinCensura",Schoolzone,Japonés,3,25minperep,Oct26de2007aOct15de2010,Concluido,14,yama-hime-no-mi
OVA,"Hentai,Yuri,Harem,virgenes,tetonas",FlavorsSoft,Japonés,2,29minperep,Oct25de2007aFeb25de2008,Concluido,32,oshiete-re-maid
OVA,"Hentai,Harem,orgias,anal,maduras,tetonas",StudioJam,Japonés,2,28minperep,Sep25de2007aNov25de2007,Concluido,4,shimaizuma-shimaizuma-3-the-animation
OVA,"Hentai,Romance,escolares,anal,maduras,ahegao,tetonas",Melissa,Japonés,2,26minperep,Ago25de2007aEne25de2008,Concluido,7,after-the-animation
OVA,"Hentai,Harem,maduras,tetonas,incesto,SinCensura",Y.O.U.C,Japonés,2,27minperep,Ago9de2007aNov8de2007,Concluido,6,soukan-yuugi
OVA,"Hentai,escolares,virgenes,tetonas",CafedeJeilhouse,Japonés,2,28minperep,May25de2007aJul27de2007,Concluido,20,hatsu-inu-the-animation
OVA,"Hentai,Harem,virgenes,maduras,tetonas",T-Rex,Japonés,2,26minperep,Abr25de2007aJun25de2007,Concluido,18,dokidoki-oyako-lesson-oshiete-h-na-obenkyou
OVA,"Hentai,ShounenAi,Yaoi,lolis,gay",SugarBoy,Japonés,1,36min,Abr19de2007,Concluido,24,pico-to-chico
OVA,"Accion,Hentai,Sobrenatural,anal,maduras,tetonas,violacion,tentaculos",AnimeAntennaIinkai,Japonés,4,28minperep,Feb24de2007aAgo23de2008,Concluido,7,taimanin-asagi
OVA,"Hentai,virgenes,tetonas,violacion",FlavorsSoft,Japonés,4,28minperep,Ene26de2007aFeb26de2010,Concluido,9,accelerando-datenshi-tachi-no-sasayaki
OVA,"gay,Yaoi,ShounenAi,Hentai",SugarBoy,Japonés,1,32min,Sep7de2006,Concluido,74,boku-no-pico
OVA,"Hentai,Yuri,Harem,anal,monstruos",AnimeAntennaIinkai,Japonés,4,26minperep,Ago26de2006aSep15de2007,Concluido,8,ane-haramix
OVA,"Hentai,tetonas,trio,cowgirl",HimajinPlanning,Japonés,2,28minperep,Jul27de2006aJun26de2008,Concluido,0,sora-no-iro-mizu-no-iro
OVA,"tetonas,maduras,Hentai,SinCensura",T-Rex,Japonés,2,29minperep,Feb25de2006aEne25de2007,Concluido,12,mrs-junkie
OVA,"Hentai,escolares,virgenes,tetonas,incesto",Studio9Maiami,Japonés,2,27minperep,Feb23de2006aJun22de2006,Concluido,108,cleavage
OVA,"Hentai,Colegial,Harem,virgenes,anal,tetonas,incesto,violacion",FlavorsSoft,Japonés,12,27minperep,Ene27de2006aAbr27de2012,Concluido,16,stringendo-angel-tachi-no-private-lesson
OVA,"Hentai,Romance,Harem,maduras,tetonas",Studio9Maiami,Japonés,5,28minperep,Nov25de2005aJul27de2007,Concluido,10,nee-chanto-shiyou-yo
OVA,"Hentai,Harem,maduras,tetonas,SinCensura",ShindebanFilm,Japonés,2,28minperep,Ago24de2005aEne24de2006,Concluido,7,boin
OVA,"violacion,tetonas,virgenes,Hentai,SinCensura",Y.O.U.C,Japonés,2,26minperep,Ago12de2005aNov11de2005,Concluido,12,daishikkin-helena
OVA,"Hentai,escolares,orgias,maduras,tetonas,violacion,bondage",HimajinPlanning,Japonés,1,27min,Ago5de2005,Concluido,4,rinkan-gakuen-yamete-okaasan-minaide
OVA,"Hentai,Harem,virgenes,anal,maduras,ahegao,tetonas,violacion,bondage,SinCensura",Shinkuukan,Japonés,2,26minperep,Abr28de2005aJun23de2005,Concluido,3,kuro-ai-hitoyozumakan-inkou-rannyuuroku
OVA,"Hentai,anal,tetonas,incesto,tsundere",Y.O.U.C,Japonés,2,29minperep,Abr8de2005aJul8de2005,Concluido,5,bakunyuu-shimai
OVA,"violacion,tetonas,maduras,anal,Hentai,Drama,SinCensura",Y.O.U.C,Japonés,2,28minperep,Feb11de2005aMay13de2005,Concluido,9,mamahaha
OVA,"Hentai,Colegial,anal,violacion,SinCensura",,Japonés,1,26min,Sep23de2004,Concluido,2,soukan-rensa
OVA,"violacion,maduras,anal,virgenes,Harem,Hentai,SinCensura",StudioSoul,Japonés,3,26minperep,Ago27de2004aDic24de2004,Concluido,6,kijoku-princess-double-kari
OVA,"tetonas,virgenes,Harem,Colegial,Hentai,SinCensura",Shinkuukan,Japonés,2,23minperep,Jul25de2004aEne25de2005,Concluido,14,yuuguu-settai-kotou-no-gokuraku-e-youkoso
OVA,"tetonas,Harem,Hentai,SinCensura",ImageHouse,Japonés,3,30minperep,Jun25de2004aJun25de2006,Concluido,12,akibakei-kanojo
OVA,"Hentai,maduras,tetonas,SinCensura",StudioJam,Japonés,2,28minperep,Jun24de2004aOct24de2004,Concluido,1,miboujin-numeriau-nikuyoku-to-midara-ni-nureru-mitsusubo
OVA,"Hentai,Colegial,violacion",Shinkuukan,Japonés,1,26min,May27de2004,Concluido,1,sinkan
OVA,"Aventura,Comedia,Hentai,anal,incesto,SinCensura",,Japonés,2,28minperep,May27de2004aJul22de2004,Concluido,2,youkou-no-ken
OVA,"Hentai,Romance,tetonas,SinCensura",Arms,Japonés,2,28minperep,Dic20de2003aMar24de2004,Concluido,4,nikutai-teni
OVA,"Drama,Hentai,Romance,orgias,tetonas,incesto,SinCensura",BigWing,Japonés,6,28minperep,Nov25de2003aNov25de2005,Concluido,41,taboo-charming-mother
OVA,"Accion,Comedia,Hentai,tetonas,SinCensura",APPP,Japonés,1,27min,Oct25de2003,Concluido,12,sexy-sailor-soldiers
OVA,"violacion,incesto,anal,escolares,Harem,Yuri,Colegial,Hentai,SinCensura",Studio9Maiami,Japonés,6,26minperep,Abr11de2003aDic17de2004,Concluido,11,discipline
OVA,"Hentai,Yuri,maduras,tetonas,violacion,SinCensura",DreamEntertainment,Japonés,2,27minperep,Mar24de2003aJul24de2003,Concluido,6,private-emotion
OVA,"Hentai,Yuri,Harem,orgias,tetonas,SinCensura",StudioG-1Neo,Japonés,3,28minperep,Dic23de2002aSep24de2003,Concluido,7,viper-gts
OVA,"Drama,Hentai,Sci-Fi,Yuri,anal,tetonas,violacion,SinCensura",,Japonés,3,30minperep,Nov20de2002aDic25de2002,Concluido,1,stratosphera-no-yousei
OVA,"Comedia,Hentai,Yuri,virgenes,anal,violacion,bondage,SinCensura",AT-2,Japonés,3,31minperep,Oct24de2002aMay29de2003,Concluido,7,seijun-kango-gakuin
OVA,"Hentai,escolares,violacion,SinCensura",Shinjukuza,Japonés,1,25min,Ago18de2002,Concluido,5,karen
OVA,"Hentai,Yuri,Harem,escolares,bondage,SinCensura",StudioJam,Japonés,5,28minperep,May25de2002aSep25de2004,Concluido,12,kojin-taxi
OVA,"Hentai,Harem,anal,tetonas,violacion,bondage,lolis",Y.O.U.C,Japonés,2,30minperep,Abr5de2002aJul5de2002,Concluido,17,little-monica-monogatari
OVA,"Hentai,Romance,Yuri,tetonas,violacion,bondage",Imagin,Japonés,5,29minperep,Dic8de2001aJul23de2004,Concluido,9,kao-no-nai-tsuki
OVA,"Drama,Hentai,maduras,tetonas,trio",Y.O.U.C,Japonés,2,29minperep,Oct5de2001aEne11de2002,Concluido,13,gibo
OVA,"Hentai,tetonas,trio",ShindebanFilm,Japonés,3,29minperep,Sep21de2001aAbr25de2002,Concluido,6,waver
OVA,"Hentai,Harem,monstruos,SinCensura",AT-2,Japonés,3,29minperep,Sep6de2001aMar28de2002,Concluido,2,guren
OVA,"Hentai,escolares,tetonas,violacion",StudioJam,Japonés,6,28minperep,Jul20de2001aJun24de2003,Concluido,164,bible-black
OVA,"Comedia,Hentai,SinCensura",Meltdown,Japonés,1,34min,Jul22de1999,Concluido,11,my-life-as
OVA,"Accion,Comedia,Fantasìa,Hentai,Terror,Sobrenatural,tetonas",AIC,Japonés,6,15minperep,Jun15de1995aNov22de1995,Concluido,4,yuuwaku-countdown
