level_0,index,Tipo,Genero,Estudios,Idiomas,Episodios,Duracion,Estado,Gustados,Nombre,Inicio_Emision,Fin_Emision,Fecha_Duracion,Año
0,0,OVA,Hentai,SuzukiMirano,Japonés,Desconocido,0,Enemision,15,Ikusei,2024-12-27,,0.0,2024.0
3,1,OVA,Hentai,T-Rex,Japonés,Desconocido,16,Enemision,8,Yumemiru otome,2024-11-29,,0.0,2024.0
7,2,OVA,Hentai,Nur,Japonés,Desconocido,0,Enemision,4,Bishoku ke no rule,2024-11-29,,0.0,2024.0
10,3,OVA,Hentai,Bluebread,Japonés,Desconocido,0,Enemision,5,Elf ni inmon wo tsukeru hon the animation,2024-11-29,,0.0,2024.0
15,4,ONA,Hentai,Seven,Japonés,1,16,Concluido,11,Oniisan ohitori desu ka,2024-11-29,,0.0,2024.0
18,5,OVA,Hentai,Bluebread,Japonés,2,0,Concluido,5,Mazome soap de aimashou,2024-11-15,2024-12-13,28.0,2024.0
20,6,OVA,Hentai,Majin,Japonés,Desconocido,0,Enemision,4,Mecha gishi resta no daibouken,2024-10-25,,0.0,2024.0
24,7,OVA,Hentai,BreakBottle,Japonés,2,17,Concluido,4,Kyokugen chikan tokuiten 3 the animation,2024-10-25,2024-12-20,56.0,2024.0
28,8,ONA,Hentai,TeatroNishiTokyoStudio,Japonés,1,27,Concluido,8,Tsuma netori rei boku no ayamachi kanojo no sentaku,2024-10-18,,0.0,2024.0
32,9,ONA,Hentai,StudioHokiboshi,Japonés,8,0,Enemision,53,Taishou itsuwari bridal migawari hanayome to gunpuku no mouai,2024-10-07,,0.0,2024.0
36,10,ONA,Hentai,Seven,Japonés,Desconocido,0,Enemision,52,Iribitari gal ni mako tsukawasete morau hanashi,2024-10-04,,0.0,2024.0
40,11,OVA,Hentai,T-Rex,Japonés,Desconocido,0,Enemision,34,Incha couple ga you gal tachi to sex training suru hanashi,2024-09-27,,0.0,2024.0
46,12,OVA,Hentai,Majin,Japonés,Desconocido,0,Enemision,11,Futsuma jo charlotte,2024-09-27,,0.0,2024.0
51,13,OVA,Hentai,Bluebread,Japonés,Desconocido,0,Enemision,73,Shounen ga otona ni natta natsu,2024-09-06,,0.0,2024.0
54,14,OVA,Hentai,NewGeneration,Japonés,Desconocido,15,Enemision,8,Sex ga suki de suki de daisuki na classmate no ano musume,2024-09-06,,0.0,2024.0
60,15,OVA,Hentai,T-Rex,Japonés,Desconocido,16,Enemision,21,Imaria,,,0.0,
63,16,OVA,Hentai,Seven,Japonés,Desconocido,0,Enemision,22,Bubble de house de the animation,,,0.0,
71,17,OVA,Hentai,Majin,Japonés,Desconocido,16,Enemision,5,Reginetta san no bouken,,,0.0,
75,18,OVA,Hentai,Seven,Japonés,Desconocido,0,Enemision,59,Seiyoku tsuyotsuyo the animation,2024-07-26,,0.0,2024.0
80,19,OVA,Hentai,Bluebread,Japonés,Desconocido,0,Enemision,41,Ito wo yoru,2024-07-19,,0.0,2024.0
82,20,ONA,Hentai,StudioHokiboshi,Japonés,Desconocido,6,Enemision,35,Yoasobi gurashi,2024-07-08,,0.0,2024.0
84,21,OVA,Hentai,T-Rex,Japonés,Desconocido,16,Enemision,31,Boku ni harem sexfriend ga dekita riyuu,2024-06-28,,0.0,2024.0
90,22,OVA,Hentai,Nur,Japonés,Desconocido,0,Enemision,11,Yarakashi,2024-06-28,,0.0,2024.0
92,23,OVA,Hentai,Nur,Japonés,Desconocido,0,Enemision,19,Gobaku,2024-06-28,,0.0,2024.0
95,24,OVA,Hentai,Shion,Japonés,2,0,Concluido,9,Sexfriend no senpai the animation,2024-06-28,,0.0,2024.0
98,25,OVA,Hentai,Studio1st,Japonés,Desconocido,0,Enemision,7,Tsuma wo dousoukai ni ikasetara,2024-06-07,,0.0,2024.0
102,26,OVA,Hentai,RyuuM's,Japonés,2,16,Concluido,10,Kyonyuu onna shikan sennou saimin,2024-05-31,,0.0,2024.0
108,27,OVA,Hentai,Majin,Japonés,Desconocido,15,Enemision,16,Mugoku no kuni no alice,2024-05-31,,0.0,2024.0
112,28,OVA,Hentai,Nur,Japonés,Desconocido,24,Enemision,11,Shuumatsu hospital,2024-05-31,,0.0,2024.0
115,29,OVA,Hentai,PoRO,Japonés,Desconocido,23,Enemision,5,Dearest blue,,,0.0,
118,30,OVA,Hentai,Studio1st,Japonés,1,26,Concluido,10,Rennyuu order the animation,,,0.0,
123,31,OVA,Hentai,Studio1st,Japonés,2,15,Concluido,9,Mebuki the animation,2024-04-26,2024-05-31,35.0,2024.0
127,32,OVA,Hentai,Majin,Japonés,Desconocido,0,Enemision,12,Succubus connect,,,0.0,
130,33,OVA,Hentai,T-Rex,Japonés,Desconocido,0,Enemision,16,Midareuchi,,,0.0,
135,34,OVA,Hentai,NewGeneration,Japonés,Desconocido,24,Enemision,35,Konomi ja nai kedo mukatsuku ane to aishou batsugun ecchi,,,0.0,
137,35,ONA,Fantasìa,StudioHokiboshi,Japonés,Desconocido,0,Enemision,288,Ateuma chara no kuse shite super darling ouji ni chouai sareteimasu,,,0.0,
141,36,OVA,Hentai,Bluebread,Japonés,Desconocido,12,Enemision,11,Nocturnal,,,0.0,
144,37,OVA,Hentai,Shion,Japonés,Desconocido,15,Enemision,18,Ojisan de umeru ana the animation,2024-03-29,,0.0,2024.0
148,38,OVA,Hentai,Majin,Japonés,Desconocido,0,Enemision,10,Ruins seeker,2024-03-29,,0.0,2024.0
151,39,OVA,Hentai,Seven,Japonés,Desconocido,16,Enemision,10,Haramaseya the animation,2024-03-22,,0.0,2024.0
154,40,OVA,Hentai,Bluebread,Japonés,Desconocido,0,Enemision,44,Kotowarenai haha,2024-03-15,,0.0,2024.0
157,41,OVA,Hentai,Bluebread,Japonés,Desconocido,0,Enemision,18,No waifu no life,2024-02-23,,0.0,2024.0
161,42,OVA,Hentai,Bluebread,Japonés,1,18,Concluido,39,Mitasarete mezameru asa ni jimi na choushoku wo the animation,2024-02-22,,0.0,2024.0
165,43,OVA,Hentai,Nur,Japonés,Desconocido,15,Enemision,11,69 itsuwari no bishou,2024-02-22,,0.0,2024.0
168,44,OVA,Hentai,Majin,Japonés,Desconocido,20,Enemision,15,Sinisistar,,,0.0,
172,45,OVA,Hentai,Studio1st,Japonés,Desconocido,20,Enemision,20,Fleur the animation,,,0.0,
176,46,OVA,Hentai,Nur,Japonés,Desconocido,20,Enemision,11,Shunka shuutou,2023-12-22,,0.0,2023.0
180,47,OVA,Hentai,Majin,Japonés,Desconocido,20,Enemision,13,Yuusha hime miria,2023-12-22,,0.0,2023.0
183,48,ONA,Tetonas,StudioHokiboshi,Japonés,Desconocido,6,Enemision,186,Modaete yo adam kun,2023-12-08,,0.0,2023.0
187,49,OVA,Hentai,T-Rex,Japonés,6,20,Concluido,47,Hatsukoi jikan,2023-11-24,2024-03-01,98.0,2023.0
188,50,OVA,Hentai,Nur,Japonés,Desconocido,20,Enemision,13,Ane jiyoku tsukushi neesan no shitagi,2023-11-24,,0.0,2023.0
192,51,OVA,Hentai,TeatroNishiTokyoStudio,Japonés,1,30,Concluido,10,Tsuma netori kan bijutsu kyoushi no baai,2023-11-17,,0.0,2023.0
195,52,OVA,Hentai,Studio1st,Japonés,Desconocido,20,Enemision,16,Kozukuri ninkatsu bu,2023-11-10,,0.0,2023.0
199,53,OVA,Hentai,Bluebread,Japonés,Desconocido,20,Enemision,20,Sweet and hot,2023-11-10,,0.0,2023.0
203,54,OVA,Hentai,NewGeneration,Japonés,Desconocido,20,Enemision,13,Doukyo suru neneki,2023-11-10,,0.0,2023.0
207,55,OVA,Hentai,Majin,Japonés,Desconocido,20,Enemision,7,Mahou touki lilustear,2023-10-27,,0.0,2023.0
210,56,OVA,Hentai,Nur,Japonés,Desconocido,20,Enemision,12,Mihitsu no koi,2023-10-27,,0.0,2023.0
214,57,OVA,Hentai,T-Rex,Japonés,2,16,Concluido,32,Tsuma ni damatte sokubaikai ni ikun ja nakatta,2023-10-06,,0.0,2023.0
218,58,ONA,Hentai,RabbitGate,Japonés,8,6,Concluido,29,Secret mission sennyuu sousakan wa zettai ni makenai,2023-10-02,2023-12-04,63.0,2023.0
222,59,OVA,Hentai,Majin,Japonés,Desconocido,20,Enemision,20,Night tail,2023-09-29,,0.0,2023.0
226,60,OVA,Hentai,Studio1st,Japonés,1,18,Concluido,11,Tanetsuke ojisan to papakko jd saimin seikatsu the animation,2023-09-29,,0.0,2023.0
230,61,OVA,Hentai,T-Rex,Japonés,6,20,Concluido,14,Tsundero series,2023-09-01,2024-02-02,154.0,2023.0
235,62,OVA,Hentai,Bluebread,Japonés,Desconocido,20,Enemision,13,Junjou decamelon,2023-09-01,,0.0,2023.0
241,63,OVA,Hentai,Seven,Japonés,1,29,Concluido,21,Kono koi ni kizuite the animation,,,0.0,
245,64,OVA,Hentai,BreakBottle,Japonés,2,17,Concluido,8,Sleepless nocturne the animation,,2023-10-27,,
248,65,OVA,Hentai,Studio1st,Japonés,1,19,Concluido,18,Tanetsuke ojisan to ntr hitozuma sex the animation,2023-07-28,,0.0,2023.0
253,66,OVA,Hentai,SuzukiMirano,Japonés,Desconocido,20,Enemision,6,Kunoichi ryoujokuden ajisai,2023-07-28,,0.0,2023.0
257,67,OVA,Hentai,Seven,Japonés,Desconocido,30,Enemision,17,Okusama no kaifuku jutsu the animation,2023-07-28,,0.0,2023.0
261,68,OVA,Hentai,Nur,Japonés,Desconocido,20,Enemision,12,So_low,2023-07-28,,0.0,2023.0
266,69,OVA,Hentai,AnimeAntennaIinkai,Japonés,2,17,Concluido,4,Mahou shoujo noble rose the animation,2023-07-14,2023-09-15,63.0,2023.0
272,70,OVA,Fantasìa,T-Rex,Japonés,2,16,Concluido,30,Sukebe elf tanbouki,2023-07-07,,0.0,2023.0
277,71,OVA,Hentai,Studio1st,Japonés,Desconocido,20,Enemision,29,1ldk jk ikinari doukyo micchaku hatsu ecchi,2023-07-07,,0.0,2023.0
281,72,ONA,Hentai,StudioHokiboshi,Japonés,8,6,Concluido,30,Fuufu koukan modorenai yoru,2023-07-02,2023-09-02,62.0,2023.0
285,73,ONA,Hentai,,Japonés,1,12,Concluido,17,Mark your kiss the animation,2023-06-14,,0.0,2023.0
289,74,OVA,Hentai,AnimeAntennaIinkai,Japonés,Desconocido,30,Enemision,4,Nightmare x deathscythe hangyaku no resonance,2023-05-26,,0.0,2023.0
293,75,OVA,Fantasìa,Majin,Japonés,Desconocido,20,Enemision,6,Fushigi no kuni no succubus,2023-05-26,,0.0,2023.0
299,76,OVA,Hentai,Studio1st,Japonés,Desconocido,20,Enemision,13,Maid kyouiku botsuraku kizoku rurikawa tsubaki the animation,2023-05-26,,0.0,2023.0
305,77,OVA,Hentai,RabbitGate,Japonés,2,20,Concluido,11,Rakuen shinshoku island of the dead,2023-05-26,2024-04-26,336.0,2023.0
311,78,OVA,Hentai,Nur,Japonés,2,24,Concluido,13,Kokuhaku,2023-04-28,2023-09-29,154.0,2023.0
316,79,OVA,Hentai,Bluebread,Japonés,2,20,Concluido,44,Tsurupeta shugo kishi elfina ochiru,2023-04-14,2023-06-23,70.0,2023.0
321,80,ONA,Tetonas,StudioHokiboshi,Japonés,8,6,Concluido,100,Sazanami soushi ni junketsu wo sasagu,2023-04-03,2023-06-05,63.0,2023.0
327,81,OVA,Fantasìa,Majin,Japonés,4,16,Concluido,25,Goblin no suana,2023-03-31,2023-11-24,238.0,2023.0
332,82,OVA,Hentai,Bluebread,Japonés,2,19,Concluido,21,Ikumonogakari the animation,2023-03-31,,0.0,2023.0
338,83,OVA,Hentai,Seven,Japonés,1,27,Concluido,11,Futei with the animation,2023-03-31,,0.0,2023.0
342,84,OVA,Hentai,T-Rex,Japonés,1,15,Concluido,19,Class de otoko wa boku ichinin,2023-03-03,,0.0,2023.0
347,85,OVA,Hentai,T-Rex,Japonés,4,16,Concluido,22,Bonyuu chan wa dashitai,2023-03-03,2023-04-07,35.0,2023.0
353,86,OVA,Hentai,Studio1st,Japonés,2,25,Concluido,18,Majo wa kekkyoku sono kyaku to the animation,2023-02-24,2023-10-27,245.0,2023.0
358,87,OVA,Hentai,Bluebread,Japonés,Desconocido,20,Enemision,9,Aoharu snatch,2023-02-17,,0.0,2023.0
361,88,ONA,Hentai,Seven,Japonés,2,15,Concluido,26,Koumi jima shuu 7 de umeru mesu tachi,2023-02-17,2023-05-17,89.0,2023.0
366,89,OVA,Hentai,NewGeneration,Japonés,Desconocido,16,Enemision,98,Imouto wa gal kawaii,2023-02-02,,0.0,2023.0
370,90,OVA,Fantasìa,Majin,Japonés,Desconocido,16,Enemision,210,Otogibanashi no onigokko,,,0.0,
375,91,OVA,Hentai,Studio1st,Japonés,1,22,Concluido,78,3piece the animation,,,0.0,
379,92,OVA,Hentai,Nur,Japonés,Desconocido,22,Enemision,112,Yari agari,,,0.0,
384,93,Serie,Tetonas,,Japonés,Desconocido,19,Concluido,61,My mother,,,0.0,
389,94,OVA,Ahegao,Shion,Japonés,Desconocido,20,Enemision,61,Isekai kita node sukebe skill de zenryoku ouka shiyou to omou the animation,2022-12-26,,0.0,2022.0
394,95,OVA,Hentai,Nur,Japonés,Desconocido,24,Enemision,17,Mama katsu midareru mama tachi no himitsu,2022-12-23,,0.0,2022.0
398,96,OVA,Hentai,Majin,Japonés,Desconocido,20,Enemision,21,Roshutsu kei mahou joshi daisei christhea,2022-12-22,,0.0,2022.0
402,97,ONA,Vanilla,RabbitGate,Japonés,8,0,Concluido,139,Showtime uta no oneesan datte shitai 2,2022-12-08,,0.0,2022.0
406,98,OVA,Hentai,Bluebread,Japonés,2,17,Concluido,137,Mesudachi the animation,2022-11-24,2023-01-26,63.0,2022.0
411,99,OVA,Hentai,T-Rex,Japonés,2,16,Concluido,38,Succubus yondara gibo ga kita,2022-11-04,,0.0,2022.0
417,100,OVA,Hentai,BreakBottle,Japonés,2,16,Concluido,8,Raikou shinki aigis magia pandra saga 3rd ignition the animation,2022-10-28,2022-12-23,56.0,2022.0
425,101,OVA,Hentai,PoRO,Japonés,2,24,Concluido,20,Eroriman 2,2022-10-28,2022-12-23,56.0,2022.0
431,102,OVA,Hentai,TeatroNishiTokyoStudio,Japonés,1,28,Concluido,5,Tsuma netori 3 kairaku ni ochita injiru kyoushi tachi,2022-10-28,,0.0,2022.0
435,103,OVA,Hentai,T-Rex,Japonés,Desconocido,16,Enemision,208,Boku ni sexfriend ga dekita riyuu,2022-10-06,,0.0,2022.0
440,104,ONA,Virgenes,StudioHokiboshi,Japonés,8,6,Concluido,1014,Harem camp,2022-10-02,,0.0,2022.0
444,105,OVA,Hentai,Majin,Japonés,Desconocido,16,Enemision,106,Renseijutsushi colette no h na sakusei monogatari,2022-09-29,,0.0,2022.0
448,106,OVA,Hentai,Shion,Japonés,1,26,Concluido,264,Delivery chiko wo tanomitai onee san,2022-09-29,,0.0,2022.0
450,107,OVA,Hentai,PoRO,Japonés,Desconocido,24,Enemision,96,Korashime 2 kyouikuteki depaga shidou,2022-09-29,,0.0,2022.0
455,108,OVA,Hentai,T-Rex,Japonés,1,20,Concluido,13,Iinchou wa saimin appli wo shinjiteru,2022-09-02,,0.0,2022.0
458,109,OVA,Hentai,CollaborationWorks,Japonés,Desconocido,20,Enemision,81,Kitsune musume no ecchi na oyado,,,0.0,
461,110,OVA,Comedia,Seven,Japonés,1,25,Concluido,7,Kisaku reiwa,,,0.0,
467,111,OVA,Hentai,NewGeneration,Japonés,Desconocido,20,Enemision,134,Boku wa chiisana succubus no shimobe,,,0.0,
471,112,OVA,Hentai,BreakBottle,Japonés,2,20,Concluido,108,Sleepless a midsummer nights dream the animation,2022-07-28,2022-09-29,63.0,2022.0
475,113,OVA,Hentai,MousouSenka,Japonés,Desconocido,20,Enemision,94,Summer inaka no seikatsu,2022-07-28,,0.0,2022.0
480,114,OVA,Hentai,Nur,Japonés,Desconocido,20,Enemision,78,Haji shinchishin,2022-07-28,,0.0,2022.0
484,115,OVA,Vanilla,Seven,Japonés,Desconocido,30,Enemision,44,Doukyuusei remake the animation,2022-07-28,,0.0,2022.0
489,116,OVA,Hentai,AnimeAntennaIinkai,Japonés,2,20,Concluido,58,Natsuyasumi ake no kanojo wa,2022-07-07,2022-10-06,91.0,2022.0
494,117,ONA,Anal,StudioHokiboshi,Japonés,9,4,Concluido,1309,Mori no kuma san toumin chuu,2022-07-03,,0.0,2022.0
497,118,OVA,Tetonas,T-Rex,Japonés,4,20,Concluido,200,Seika jogakuin kounin sao ojisan,2022-06-30,,0.0,2022.0
502,119,OVA,Harem,MousouSenka,Japonés,Desconocido,20,Enemision,79,Pandemic,2022-06-23,,0.0,2022.0
507,120,OVA,Escolares,NewGeneration,Japonés,Desconocido,20,Enemision,105,J genkai koubi goui sounyuu de bachibachi niku anaka,2022-06-23,,0.0,2022.0
509,121,OVA,Romance,Shion,Japonés,2,16,Concluido,67,Ima made de ichiban yokatta sex the animation,2022-06-23,,0.0,2022.0
514,122,OVA,Hentai,PoRO,Japonés,Desconocido,20,Enemision,136,Tsugunai,2022-06-23,,0.0,2022.0
518,123,OVA,Hentai,T-Rex,Japonés,2,16,Concluido,7,Kyonyuu onna senshi dogeza saimin,2022-06-03,,0.0,2022.0
523,124,OVA,Escolares,Bluebread,Japonés,2,20,Concluido,101,Harem cult,2022-05-26,2022-07-21,56.0,2022.0
526,125,OVA,Anal,T-Rex,Japonés,2,16,Concluido,117,Isekai yarisaa,,,0.0,
529,126,OVA,Romance,Bluebread,Japonés,2,20,Concluido,124,Otaku ni yasashii gal toka kyonyuu no osananajimi toka,2022-04-14,2022-06-16,63.0,2022.0
533,127,ONA,Vanilla,StapleEntertainment,Japonés,8,0,Concluido,407,3 byougo yajuu goukon de sumi ni ita kare wa midara nikushoku deshita,,,0.0,
535,128,OVA,Escolares,T-Rex,Japonés,2,24,Enemision,79,Inkou kyoushi no sai seikatsu shidouroku,2022-03-31,,0.0,2022.0
537,129,OVA,Romance,Studio1st,Japonés,2,26,Concluido,2458,Kaede to suzu the animation,2022-03-25,2022-10-28,217.0,2022.0
542,130,OVA,Tetonas,BreakBottle,Japonés,2,0,Concluido,147,Yamitsuki mura melty limit the animation,2022-03-24,2022-04-27,34.0,2022.0
543,131,OVA,Hentai,RabbitGate,Japonés,Desconocido,20,Enemision,63,Abandon 100 nuki shinai to derarenai fushigi na kyoushitsu,2022-03-10,,0.0,2022.0
544,132,OVA,Hentai,Seven,Japonés,1,27,Concluido,23,Garden takamine ke no nirinka the animation,2022-02-25,,0.0,2022.0
550,133,OVA,Hentai,Seven,Japonés,Desconocido,20,Enemision,12,Kimi wa yasashiku netorareru the animation,2022-02-25,,0.0,2022.0
554,134,OVA,Hardcore,PoRO,Japonés,2,0,Concluido,125,Eroriman,2022-02-24,,0.0,2022.0
558,135,OVA,Hentai,AnimeAntennaIinkai,Japonés,2,28,Concluido,62,Sei dorei gakuen 2,2022-02-10,2022-07-28,168.0,2022.0
563,136,OVA,Anal,T-Rex,Japonés,2,16,Concluido,622,Akane wa tsumare somerareru,2022-02-03,,0.0,2022.0
568,137,OVA,Tetonas,Bluebread,Japonés,Desconocido,20,Enemision,116,Himitsu no kichi,2022-02-03,,0.0,2022.0
571,138,OVA,Hentai,PoRO,Japonés,Desconocido,20,Enemision,106,Ero ishi seijun bishoujo wo kotoba takumi ni hametai houdai,,,0.0,
572,139,OVA,Tetonas,Bluebread,Japonés,2,25,Concluido,54,Otome wa boku ni koishiteru trinkle stars the animation,,,0.0,
576,140,Serie,Romance,StudioHokiboshi,Japonés,8,6,Concluido,836,Ouji no honmei wa akuyaku reijou,2022-01-09,2022-03-27,77.0,2022.0
578,141,ONA,Hentai,,Japonés,1,18,Concluido,1141,Kemonokko tsuushin the animation ushi musume bell,2021-12-24,,0.0,2021.0
579,142,OVA,Hentai,Nur,Japonés,Desconocido,20,Enemision,234,Papa katsu,2021-12-23,,0.0,2021.0
580,143,OVA,Hentai,Studio1st,Japonés,Desconocido,15,Concluido,99,Girls rush the animation,2021-12-23,,0.0,2021.0
581,144,OVA,Incesto,BreakBottle,Japonés,Desconocido,20,Concluido,491,Anehame ore no hatsukoi ga jisshi na wake ga nai,2021-12-23,,0.0,2021.0
585,145,OVA,Violacion,SuzukiMirano,Japonés,4,0,Concluido,84,Konbini shoujo z,2021-12-23,,0.0,2021.0
589,146,OVA,Romance,Studio1st,Japonés,Desconocido,20,Enemision,371,Shishunki no obenkyou,2021-12-16,,0.0,2021.0
592,147,OVA,Hentai,Seven,Japonés,2,19,Concluido,18,Mama x holic miwaku no mama to amaama kankei the animation,2021-11-26,,0.0,2021.0
597,148,OVA,Hentai,MousouSenka,Japonés,Desconocido,20,Enemision,63,Cosplay change pure kei joshidaisei no kiken na seiheki,2021-11-25,,0.0,2021.0
598,149,OVA,Hentai,TeatroNishiTokyoStudio,Japonés,1,21,Concluido,5,Taimanin shiranui inyoku no dorei shoufu,2021-11-19,,0.0,2021.0
604,150,OVA,Hentai,Studio1st,Japonés,1,26,Concluido,21,Onaho kyoushitsu joshi zenin ninshin keikaku the animation,2021-10-29,,0.0,2021.0
608,151,OVA,Hentai,AnimeAntennaIinkai,Japonés,2,17,Concluido,4,Zoku oujo onna kishi w do gehin roshutsu chijoku no misemono dorei,2021-10-15,2021-11-19,35.0,2021.0
614,152,ONA,Hentai,RabbitGate,Japonés,8,6,Concluido,129,Showtime uta no oneesan datte shitai,2021-10-03,2021-11-21,49.0,2021.0
617,153,ONA,Anal,StudioHokiboshi,Japonés,9,6,Concluido,90,Maou evelogia ni mi wo sasage yo,2021-10-02,2021-11-27,56.0,2021.0
623,154,OVA,Hentai,T-Rex,Japonés,6,16,Concluido,17,Chizuru chan kaihatsu nikki,2021-10-01,2021-12-03,63.0,2021.0
629,155,OVA,Hentai,Nur,Japonés,4,24,Concluido,16,Soshite watashi wa sensei ni,2021-09-24,2023-04-28,581.0,2021.0
633,156,OVA,Hentai,Seven,Japonés,1,28,Concluido,22,Torokase orgasm the animation,2021-09-24,,0.0,2021.0
638,157,ONA,Hentai,Shion,Japonés,2,16,Concluido,3,Yamitsuki pheromone the animation,2021-09-24,,0.0,2021.0
642,158,ONA,Hentai,,Japonés,2,16,Concluido,3,Kono kaisha nanika okashii,2021-09-17,2021-09-24,7.0,2021.0
649,159,OVA,Hentai,T-Rex,Japonés,2,16,Concluido,6,Jashin shoukan inran kyonyuu oyako ikenie gishiki,2021-09-03,,0.0,2021.0
655,160,OVA,Fantasìa,Seven,Japonés,1,27,Concluido,17,Kuroinu ii the animation,,,0.0,
661,161,OVA,Hentai,Majin,Japonés,Desconocido,20,Enemision,257,Usamimi bouken tan sekuhara shinagara sekai wo sukue,,,0.0,
662,162,OVA,Hentai,T-Rex,Japonés,4,16,Concluido,31,Imaizumin chi wa douyara gal no tamariba ni natteru rashii,,,0.0,
665,163,OVA,Hentai,Seven,Japonés,1,28,Concluido,19,Anette san to liliana san the animation,2021-07-30,,0.0,2021.0
668,164,OVA,Hentai,Bluebread,Japonés,4,19,Concluido,9,Succubus appli gakuen sai,2021-07-30,2022-02-18,203.0,2021.0
673,165,ONA,Comedia,StudioHokiboshi,Japonés,8,6,Concluido,41,Yubisaki kara honki no netsujou 2 koibito wa shouboushi,2021-07-05,,0.0,2021.0
677,166,OVA,Hentai,T-Rex,Japonés,4,16,Concluido,338,Mako chan kaihatsu nikki,2021-07-01,2022-12-31,548.0,2021.0
682,167,OVA,Hentai,Seven,Japonés,2,27,Concluido,76,Eroge de subete wa kaiketsu dekiru the animation,2021-06-24,2022-11-24,518.0,2021.0
687,168,OVA,Hentai,T-Rex,Japonés,1,16,Concluido,20,Netokano,2021-06-04,,0.0,2021.0
692,169,OVA,Hentai,T-Rex,Japonés,1,16,Concluido,12,Netoshisu,2021-06-04,,0.0,2021.0
695,170,OVA,Hentai,MousouSenka,Japonés,4,16,Concluido,5,Karada de kaiketsu hyakkiya tantei jimusho,2021-05-28,2021-11-26,182.0,2021.0
700,171,OVA,Tetonas,PoRO,Japonés,Desconocido,20,Enemision,564,Kazoku haha to shimai no kyousei,2021-05-27,,0.0,2021.0
703,172,OVA,Hentai,Seven,Japonés,2,17,Concluido,11,Shidoukan day after the animation,2021-04-30,2021-05-28,28.0,2021.0
707,173,OVA,Hentai,Seven,Japonés,Desconocido,30,Enemision,182,Sakusei byoutou the animation,,,0.0,
710,174,OVA,Escolares,T-Rex,Japonés,2,16,Concluido,32,Uchi no otouto maji de dekain dakedo mi ni konai,,,0.0,
714,175,OVA,Hentai,Bluebread,Japonés,4,19,Concluido,27,Bitch na inane sama,2021-04-23,2021-11-05,196.0,2021.0
718,176,ONA,Vanilla,Elias,Japonés,8,6,Concluido,108,Kuro gal ni natta kara shinyuu to shitemita,2021-04-05,2021-05-24,49.0,2021.0
724,177,OVA,Hentai,T-Rex,Japonés,2,16,Concluido,14,Jk fuuzoku gakuensai,,,0.0,
730,178,OVA,Hentai,Bluebread,Japonés,2,20,Concluido,11,Tooi kimi ni boku wa todokanai,2021-03-26,2021-05-28,63.0,2021.0
735,179,ONA,Hentai,,Japonés,2,15,Concluido,5,S ke ni totsuida m jou no nichijou,2021-03-12,2021-03-19,7.0,2021.0
740,180,OVA,Hentai,Studio1st,Japonés,2,25,Concluido,4,Real eroge situation 2 the animation,2021-02-26,2021-05-28,91.0,2021.0
746,181,ONA,Hentai,PolyAnimation,Japonés,Desconocido,11,Enemision,2,Meijyou,2021-02-26,,0.0,2021.0
749,182,ONA,Hentai,,Japonés,1,13,Concluido,5,Shiawase nara niku wo morou the animation,2021-02-24,,0.0,2021.0
753,183,OVA,Hentai,T-Rex,Japonés,4,16,Concluido,11,Ijirare fukushuu saimin,2021-02-05,2021-03-05,28.0,2021.0
758,184,OVA,Hentai,Nur,Japonés,2,25,Concluido,8,Haitoku no kyoukai,2021-01-29,2021-03-26,56.0,2021.0
763,185,ONA,Hentai,T-Rex,Japonés,1,16,Concluido,21,Ajisai no chiru koro ni,,,0.0,
768,186,OVA,Hentai,Seven,Japonés,2,25,Concluido,17,Kimi ga suki the animation,2021-01-29,2021-03-26,56.0,2021.0
773,187,ONA,Hentai,StudioHokiboshi,Japonés,8,7,Concluido,9,Jimihen jimiko wo kaechau jun isei kouyuu,2021-01-04,2021-02-22,49.0,2021.0
778,188,OVA,Hentai,Bluebread,Japonés,2,20,Concluido,17,Ano ko no kawari ni suki na dake,2020-12-18,2021-02-26,70.0,2020.0
781,189,OVA,Hentai,BreakBottle,Japonés,2,17,Concluido,25,Hajimete no orusuban,2020-12-04,2021-03-05,91.0,2020.0
783,190,OVA,Hentai,PoRO,Japonés,4,24,Concluido,13,White blue,2020-11-27,,0.0,2020.0
786,191,OVA,Hentai,Studio1st,Japonés,1,27,Concluido,18,Oneshota the animation,2020-11-27,,0.0,2020.0
791,192,OVA,Hentai,Seven,Japonés,6,17,Concluido,15,Toshoshitsu no kanojo seiso na kimi ga ochiru made the animation,2020-10-30,2023-09-29,1064.0,2020.0
796,193,ONA,Hentai,SELFISH,Japonés,1,15,Concluido,20,Toromitsu musume no hitou service torottoro churu churu gohoushi sasete kudasai,2020-10-30,,0.0,2020.0
798,194,OVA,Fantasìa,Majin,Japonés,4,16,Concluido,17,Knight of erin,2020-10-30,2021-03-26,147.0,2020.0
802,195,OVA,Hentai,TeatroNishiTokyoStudio,Japonés,1,18,Concluido,1,Taimanin asagi toraware no niku ningyou,2020-10-30,,0.0,2020.0
809,196,OVA,Hentai,Seven,Japonés,1,27,Concluido,15,Kaa chan no tomodachi ni shikotteru tokoro mirareta the animation,2020-10-30,,0.0,2020.0
813,197,ONA,Hentai,Seven,Japonés,12,20,Concluido,24,Eternity shinya no nurekoi channel,2020-10-05,2020-12-21,77.0,2020.0
819,198,ONA,Comedia,EtherKitten,Japonés,8,6,Concluido,10,Otona nya koi no shikata ga wakaranee,2020-10-05,2020-11-23,49.0,2020.0
823,199,OVA,Hentai,T-Rex,Japonés,2,16,Concluido,16,Aku no onna kanbu full moon night r,2020-10-02,2020-11-06,35.0,2020.0
827,200,OVA,Hentai,Seven,Japonés,1,16,Concluido,15,Uwaki to honki the animation,2020-09-26,,0.0,2020.0
830,201,ONA,Hentai,PeakHunt,Japonés,3,6,Concluido,29,Ookami san wa taberaretai,2020-09-07,2020-09-21,14.0,2020.0
835,202,OVA,Hentai,Nur,Japonés,Desconocido,25,Enemision,8,Kanojo ga yatsu ni idakareta hi,,,0.0,
840,203,OVA,Hentai,Seven,Japonés,2,25,Concluido,15,Succubus stayed life the animation,,2020-12-23,,
847,204,OVA,Hentai,Bluebread,Japonés,2,20,Concluido,19,Shikiyoku infinite,,2020-10-23,,
852,205,OVA,Fantasìa,AnimeAntennaIinkai,Japonés,2,19,Concluido,6,Oujo onna kishi w do gehin roshutsu,,2020-10-23,,
858,206,OVA,Hentai,Seven,Japonés,2,23,Concluido,12,Kohakuiro no hunter the animation,2020-07-31,2021-02-26,210.0,2020.0
862,207,OVA,Fantasìa,Majin,Japonés,4,16,Concluido,52,Isekai harem monogatari,2020-07-31,2020-12-25,147.0,2020.0
867,208,OVA,Hentai,BreakBottle,Japonés,2,17,Concluido,7,Natsu ga owaru made the animation,2020-07-31,2020-09-25,56.0,2020.0
871,209,OVA,Hentai,Bluebread,Japonés,2,19,Concluido,17,Muramata san no himitsu,2020-07-17,2020-09-25,70.0,2020.0
876,210,OVA,Hentai,AnimeAntennaIinkai,Japonés,2,28,Concluido,4,Soukou seiki ysphere ingyaku no sennou kaizou,2020-07-17,2021-01-29,196.0,2020.0
882,211,OVA,Hentai,BreakBottle,Japonés,2,19,Concluido,7,Kutsujoku 2 the animation,2020-06-26,,0.0,2020.0
887,212,OVA,Hentai,T-Rex,Japonés,2,16,Concluido,78,Ane wa yanmama junyuu chuu,2020-06-05,2020-07-03,28.0,2020.0
892,213,OVA,Hentai,Seven,Japonés,1,28,Concluido,15,Sex friend osananajimi shojo to doutei wa hazukashii tte minna ga iu kara the animation,2020-05-29,,0.0,2020.0
896,214,OVA,Hentai,T-Rex,Japonés,2,16,Concluido,9,Yarichin kateikyoushi netori houkoku,2020-05-29,2020-06-05,7.0,2020.0
902,215,OVA,Hentai,PoRO,Japonés,4,24,Concluido,5,Shihai no kyoudan,2020-05-29,2020-12-25,210.0,2020.0
908,216,OVA,Tetonas,NewGeneration,Japonés,Desconocido,15,Enemision,137,Hajimete no hitozuma,2020-05-21,,0.0,2020.0
911,217,ONA,Hentai,,Japonés,1,20,Concluido,8,Sexfriend gakuen,,,0.0,
919,218,OVA,Hentai,Bluebread,Japonés,2,20,Concluido,11,Haritsuke,2020-04-24,2020-07-03,70.0,2020.0
927,219,OVA,Hentai,SuzukiMirano,Japonés,4,16,Concluido,10,Sotsugyou densha,2020-04-24,2020-10-30,189.0,2020.0
931,220,OVA,Maduras,Seven,Japonés,2,16,Concluido,19,Suketto sanjou the animation,2020-04-24,2020-05-29,35.0,2020.0
938,221,OVA,Escolares,Nur,Japonés,Desconocido,0,Enemision,306,Chiisana tsubomi no sono oku ni,,,0.0,
941,222,ONA,Hentai,MagicBus,Japonés,8,6,Concluido,39,Ore no yubi de midarero heitengo futarikiri no salon de,2020-04-06,2020-05-25,49.0,2020.0
944,223,OVA,Fantasìa,T-Rex,Japonés,2,15,Concluido,21,Kyonyuu princess saimin,2020-04-03,2020-05-29,56.0,2020.0
951,224,OVA,Hentai,Seven,Japonés,2,18,Concluido,12,Inmou,2020-03-27,,0.0,2020.0
956,225,OVA,Hentai,SuzukiMirano,Japonés,8,16,Concluido,9,Jitaku keibiin 2,2020-03-27,2021-07-30,490.0,2020.0
965,226,ONA,Hentai,,Japonés,1,21,Concluido,13,Ushichichi tabehoudai the animation,2020-03-11,,0.0,2020.0
970,227,OVA,Hentai,T-Rex,Japonés,2,16,Concluido,12,Shikijou kyoudan,2020-03-06,2020-04-03,28.0,2020.0
975,228,OVA,Hentai,Studio1st,Japonés,4,17,Concluido,13,Oniichan asa made zutto gyutte shite,2020-03-06,2021-09-03,546.0,2020.0
980,229,OVA,Hentai,Studio1st,Japonés,2,25,Concluido,28,Aisei tenshi love mary akusei jutai the animation,2020-02-28,2020-06-26,119.0,2020.0
984,230,ONA,Fantasìa,OfficeNo.8,Japonés,2,15,Concluido,8,Meltys quest,2020-02-21,2020-02-28,7.0,2020.0
990,231,OVA,Fantasìa,T-Rex,Japonés,2,16,Concluido,6,Youma shoukan e youkoso,2020-02-07,2020-03-06,28.0,2020.0
996,232,OVA,Hentai,Seven,Japonés,2,26,Concluido,15,Tonari no ie no anette san the animation,2020-01-31,2023-11-24,1393.0,2020.0
1000,233,OVA,Hentai,T-Rex,Japonés,2,15,Concluido,36,Chii chan kaihatsu nikki,2020-01-31,2020-02-07,7.0,2020.0
1005,234,OVA,Vanilla,Majin,Japonés,10,16,Concluido,214,Enjo kouhai,2020-01-30,2022-05-26,847.0,2020.0
1007,235,ONA,Hentai,SELFISH,Japonés,2,15,Concluido,8,Niplheim no karyuudo,2020-01-25,2020-01-31,6.0,2020.0
1012,236,ONA,Hentai,PeakHunt,Japonés,1,24,Concluido,8,Fukai ni nemuru oujo no abaddon the animation,,,0.0,
1017,237,ONA,Hentai,StudioHokiboshi,Japonés,8,7,Concluido,46,Overflow,2020-01-06,2020-02-24,49.0,2020.0
1022,238,OVA,Hentai,,Japonés,1,19,Concluido,0,Valkyrie hazard,2019-12-27,,0.0,2019.0
1027,239,OVA,Hentai,Nur,Japonés,4,25,Concluido,15,Nozoki kanojo,2019-12-27,,0.0,2019.0
1030,240,OVA,Hentai,Bluebread,Japonés,2,19,Concluido,12,Kiss hug,2019-12-26,2020-02-27,63.0,2019.0
1036,241,OVA,Hentai,Studio1st,Japonés,1,23,Concluido,15,Boku to joi no shinsatsu nisshi the animation,2019-12-20,,0.0,2019.0
1039,242,OVA,Hentai,Seven,Japonés,1,27,Concluido,10,Aibeya the animation,2019-11-29,,0.0,2019.0
1043,243,OVA,Hentai,T-Rex,Japonés,2,16,Concluido,2,Kutsujoku,2019-11-01,2019-12-06,35.0,2019.0
1051,244,OVA,Hentai,Shion,Japonés,1,26,Concluido,22,Shigokare ecchi na joshi daisei to doki x2 love lesson the animation,2019-10-24,,0.0,2019.0
1057,245,ONA,Hentai,MagicBus,Japonés,8,6,Concluido,23,Xl joushi,2019-10-07,2019-11-25,49.0,2019.0
1059,246,OVA,Hentai,T-Rex,Japonés,6,16,Concluido,31,Joshi luck,2019-09-06,2023-06-02,1365.0,2019.0
1067,247,ONA,Fantasìa,,Japonés,1,15,Concluido,5,Naedoko demons ground,2019-07-26,,0.0,2019.0
1072,248,OVA,Fantasìa,Majin,Japonés,4,16,Concluido,16,Ochi mono rpg seikishi luvilias,2019-07-26,2019-12-27,154.0,2019.0
1079,249,ONA,Comedia,StudioHokiboshi,Japonés,8,6,Concluido,46,Yubisaki kara honki no netsujou osananajimi wa shouboushi,2019-07-08,2019-09-02,56.0,2019.0
1084,250,OVA,Hentai,T-Rex,Japonés,2,15,Concluido,15,Ecchi na oneechan ni shiboraretai,2019-07-05,,0.0,2019.0
1089,251,OVA,Hentai,Studio1st,Japonés,1,26,Concluido,15,Tenioha 2 nee motto ecchi na koto ippai shiyo the animation,2019-06-28,,0.0,2019.0
1093,252,OVA,Fantasìa,PoRO,Japonés,4,24,Concluido,13,Shakuen no eris,2019-06-28,2020-02-28,245.0,2019.0
1099,253,OVA,Hentai,Bluebread,Japonés,2,19,Concluido,10,Sakuramiya shimai no netorare kiroku,2019-06-21,2019-09-27,98.0,2019.0
1106,254,OVA,Hentai,T-Rex,Japonés,2,30,Concluido,9,Master piece the animation,2019-05-31,,0.0,2019.0
1110,255,OVA,Hentai,SuzukiMirano,Japonés,4,16,Concluido,10,Jitaku keibiin 2019,2019-05-31,2019-09-27,119.0,2019.0
1116,256,OVA,Hentai,PoRO,Japonés,4,23,Concluido,18,Himesama love life,2019-05-31,2020-06-26,392.0,2019.0
1122,257,OVA,Hentai,T-Rex,Japonés,2,15,Concluido,6,Megane no megami,2019-05-31,2019-06-07,7.0,2019.0
1128,258,ONA,Fantasìa,OfficeNo.8,Japonés,2,15,Concluido,6,Onna maou melissa no h na boukenki,2019-05-17,2019-06-07,21.0,2019.0
1135,259,OVA,Hentai,Seven,Japonés,1,26,Concluido,14,Aikagi the animation,,,0.0,
1140,260,OVA,Hentai,T-Rex,Japonés,2,15,Concluido,6,Tsuma ga kirei ni natta wake,2019-04-05,2019-05-31,56.0,2019.0
1144,261,OVA,Hentai,AnimeAntennaIinkai,Japonés,2,16,Concluido,7,Bitch gakuen ga seijun na hazu ga nai the animation,2019-03-29,2019-06-28,91.0,2019.0
1149,262,OVA,Hentai,PoRO,Japonés,4,23,Concluido,14,Sansha mendan rensa suru chijoku choukyou no gakuen,2019-03-29,2020-01-31,308.0,2019.0
1154,263,OVA,Hentai,Shion,Japonés,1,27,Concluido,6,Kami machi sana chan the animation,2019-02-22,,0.0,2019.0
1159,264,OVA,Hentai,Bluebread,Japonés,2,20,Concluido,25,Yue ni hitozuma wa netorareta,2019-02-22,2019-04-12,49.0,2019.0
1163,265,OVA,Hentai,T-Rex,Japonés,6,16,Concluido,22,Saimin seishidou,2019-02-01,2022-03-04,1127.0,2019.0
1171,266,OVA,Hentai,Seven,Japonés,1,25,Concluido,19,Wagaya no liliana san the animation,,,0.0,
1174,267,ONA,Hentai,OfficeTakeOut,Japonés,2,19,Concluido,68,Gaki ni modotte yarinaoshi,2019-01-18,2019-09-20,245.0,2019.0
1182,268,ONA,Shounenai,MagicBus,Japonés,8,6,Concluido,25,Papa datte shitai,2019-01-07,2019-02-25,49.0,2019.0
1185,269,OVA,Violacion,BreakBottle,Japonés,4,20,Concluido,4,Venus blood brave,2018-12-21,2020-03-06,441.0,2018.0
1191,270,OVA,Hentai,Studio1st,Japonés,1,22,Concluido,12,Boku to nurse no kenshuu nisshi the animation,2018-11-30,,0.0,2018.0
1196,271,ONA,Fantasìa,Studio1st,Japonés,4,15,Concluido,9,Runes pharmacy tiarajima no okusuriya san,2018-11-30,2019-12-20,385.0,2018.0
1201,272,OVA,Fantasìa,TeatroNishiTokyoStudio,Japonés,1,15,Concluido,14,Makai kishi ingrid re mesu buta dorei ni ochita makai kishi,2018-11-22,,0.0,2018.0
1206,273,OVA,Fantasìa,PoRO,Japonés,4,25,Concluido,6,Maken no hime wa ero ero desu,2018-10-26,2019-09-27,336.0,2018.0
1215,274,OVA,Hentai,Shion,Japonés,1,20,Concluido,19,Kansen sodom,2018-10-26,,0.0,2018.0
1220,275,OVA,Hentai,NewGeneration,Japonés,4,15,Concluido,36,Oyasumi sex,2018-10-26,2021-09-03,1043.0,2018.0
1226,276,OVA,Hentai,Majin,Japonés,4,17,Concluido,46,Tiny evil,2018-09-28,2019-02-22,147.0,2018.0
1232,277,OVA,Hentai,Bluebread,Japonés,2,20,Concluido,11,Tinderbox,2018-09-21,2018-11-30,70.0,2018.0
1236,278,ONA,Hentai,OfficeTakeOut,Japonés,2,15,Concluido,13,Rape gouhouka,2018-09-14,2018-09-21,7.0,2018.0
1242,279,OVA,Hentai,Bluebread,Japonés,2,20,Concluido,3,Hasande ageru,,2018-10-26,,
1249,280,ONA,Hentai,OfficeNo.8,Japonés,2,14,Concluido,6,Kunoichi botan,,,0.0,
1254,281,OVA,Fantasìa,FlavorsSoft,Japonés,2,17,Concluido,3,Elf no oshiego to sensei,,2018-12-06,,
1260,282,ONA,Hentai,OfficeTakeOut,Japonés,2,15,Concluido,38,Muchi muchi kyousei seichouchuu,2018-07-13,2018-07-20,7.0,2018.0
1267,283,ONA,Comedia,Ark,Japonés,9,6,Concluido,13,Joshiochi 2 kai kara onnanoko ga futtekita,2018-07-02,,0.0,2018.0
1273,284,ONA,Hentai,T-Rex,Japonés,2,15,Concluido,11,Nuresuke jk ameyadori rape,2018-06-05,2018-06-22,17.0,2018.0
1278,285,OVA,Hentai,T-Rex,Japonés,2,15,Concluido,30,Muttsuri dosukebe tsuyu gibo shimai no honshitsu minuite sex sanmai,2018-06-01,2018-07-06,35.0,2018.0
1284,286,OVA,Hentai,CollaborationWorks,Japonés,6,16,Concluido,61,Dokidoki little ooyasan,2018-05-25,2019-12-27,581.0,2018.0
1289,287,OVA,Hentai,SuzukiMirano,Japonés,6,16,Concluido,16,Ore ga kanojo wo su wake,2018-04-27,2019-11-29,581.0,2018.0
1295,288,OVA,Hentai,T-Rex,Japonés,2,23,Concluido,5,Nariyukipapakatsu girls the animation,2018-02-23,2018-06-29,126.0,2018.0
1298,289,OVA,Hentai,Seven,Japonés,2,27,Concluido,12,Real eroge situation the animation,2018-01-26,,0.0,2018.0
1303,290,ONA,Hentai,Lyrics,Japonés,12,5,Concluido,43,25 sai no joshikousei,2018-01-08,2018-03-26,77.0,2018.0
1307,291,OVA,Hentai,OfficeTakeOut,Japonés,1,16,Concluido,2,Juvenile pornography the animation,2017-11-30,,0.0,2017.0
1309,292,OVA,Hentai,SuzukiMirano,Japonés,4,17,Concluido,8,Kagirohi shaku kei another,2017-10-27,2018-02-23,119.0,2017.0
1314,293,OVA,Hentai,Silver,Japonés,2,15,Concluido,13,Kime koi,2017-10-05,2017-12-21,77.0,2017.0
1319,294,ONA,Hentai,Seven,Japonés,12,4,Concluido,21,Omiai aite wa oshiego tsuyoki na mondaiji,2017-10-02,2017-12-18,77.0,2017.0
1323,295,OVA,Hentai,T-Rex,Japonés,1,27,Concluido,12,Otomedomain the animation,2017-09-28,,0.0,2017.0
1328,296,OVA,Hentai,BreakBottle,Japonés,2,17,Concluido,7,Toriko no kusari shojo tachi wo yogosu midara na kusabi,2017-07-07,2017-09-08,63.0,2017.0
1335,297,OVA,Hentai,Studio9Maiami,Japonés,1,16,Concluido,11,Swamp stamp anime edition,2017-07-07,,0.0,2017.0
1338,298,ONA,Drama,MagicBus,Japonés,12,4,Concluido,17,Skirt no naka wa kedamono deshita,2017-07-03,2017-09-18,77.0,2017.0
1343,299,OVA,Hentai,Studio9Maiami,Japonés,1,24,Concluido,12,Zton jingai animation a beautiful greed nulu nulu,2017-05-06,,0.0,2017.0
1348,300,OVA,Hentai,Studio1st,Japonés,1,18,Concluido,12,Dainiji ura nyuugakushiken the animation,2017-05-05,,0.0,2017.0
1353,301,ONA,Drama,Seven,Japonés,12,4,Concluido,15,Souryo to majiwaru shikiyoku no yoru ni,2017-04-03,2017-06-19,77.0,2017.0
1359,302,OVA,Hentai,SuzukiMirano,Japonés,4,17,Concluido,15,Jitaku keibiin,2017-03-31,2017-09-29,182.0,2017.0
1366,303,OVA,Hentai,CollaborationWorks,Japonés,4,17,Concluido,7,Nuki doki tenshi to akuma no sakusei battle revolution,2017-02-24,,0.0,2017.0
1374,304,OVA,Hentai,T-Rex,Japonés,1,15,Concluido,5,Green eyes ane kyun yori the animation,2017-02-03,,0.0,2017.0
1380,305,OVA,Hentai,Studio9Maiami,Japonés,1,18,Concluido,29,Otokonoko delivery,2016-12-31,,0.0,2016.0
1385,306,OVA,Fantasìa,AnDerCen,Japonés,1,27,Concluido,8,Trick or alice,2016-12-22,,0.0,2016.0
1388,307,OVA,Hentai,T-Rex,Japonés,1,15,Concluido,16,Iizuka senpai x blazer ane kyun yori the animation,2016-11-04,,0.0,2016.0
1392,308,OVA,Virgenes,NewGeneration,Japonés,4,18,Concluido,1374,Shoujo ramune,2016-10-06,2018-03-01,511.0,2016.0
1393,309,OVA,Hentai,StudioEromatick,Japonés,2,16,Concluido,11,Shoujo tachi no sadism the animation,2016-09-02,2016-12-02,91.0,2016.0
1401,310,OVA,Hentai,G-Lam,Japonés,1,29,Concluido,23,Koinaka koinaka de hatsukoi x nakadashi sexual life the animation,,,0.0,
1406,311,OVA,Hentai,T-Rex,Japonés,2,26,Concluido,5,Pretty x cation the animation,2016-03-25,2016-07-29,126.0,2016.0
1412,312,OVA,Hentai,T-Rex,Japonés,2,15,Concluido,8,Marshmallow imouto succubus,2016-03-18,2016-04-22,35.0,2016.0
1420,313,OVA,Hentai,PoRO,Japonés,6,23,Concluido,14,Jk to ero konbini tenchou,2016-02-26,2017-12-29,672.0,2016.0
1427,314,OVA,Hentai,Studio9Maiami,Japonés,2,28,Concluido,13,Shinsei futanari idol dekatama kei,2016-02-26,2017-02-03,343.0,2016.0
1433,315,OVA,Hentai,NewGeneration,Japonés,6,19,Concluido,26,Toshi densetsu series,2016-01-22,2018-09-07,959.0,2016.0
1438,316,OVA,Hentai,T-Rex,Japonés,2,21,Concluido,3,Taimanin asagi 2,2015-10-30,,0.0,2015.0
1444,317,OVA,Hentai,PoRO,Japonés,6,21,Concluido,6,Mesu kyoushi 4 kegasareta kyoudan,2015-10-30,2020-09-25,1792.0,2015.0
1451,318,OVA,Hentai,Studio9Maiami,Japonés,3,16,Concluido,49,Chicchana onaka,2015-10-02,2016-07-01,273.0,2015.0
1457,319,OVA,Shoujoai,Studio9Maiami,Japonés,1,29,Concluido,100,Futa bu mix futanari world,2015-06-25,,0.0,2015.0
1461,320,OVA,Hentai,SuzukiMirano,Japonés,4,29,Concluido,9,Gakuen de jikan yo tomare,2015-05-29,2015-10-30,154.0,2015.0
1468,321,OVA,Hentai,CollaborationWorks,Japonés,4,29,Concluido,30,Mankitsu happening,2015-03-27,,0.0,2015.0
1476,322,OVA,Hentai,T-Rex,Japonés,2,16,Concluido,23,Kanojo wa dare to demo sex suru,2015-02-20,2015-03-20,28.0,2015.0
1480,323,OVA,Hentai,Studio9Maiami,Japonés,2,20,Concluido,62,Futa bu 2,2015-02-19,2015-04-30,70.0,2015.0
1485,324,OVA,Hentai,Studio1st,Japonés,1,24,Concluido,20,Koi maguwai,2014-12-26,,0.0,2014.0
1487,325,OVA,Comedia,Seven,Japonés,4,29,Concluido,3,Rance 01 hikari wo motomete the animation,2014-12-25,2016-06-23,546.0,2014.0
1495,326,OVA,Hentai,StudioEromatick,Japonés,2,16,Concluido,10,Spocon,2014-09-25,2014-10-30,35.0,2014.0
1501,327,OVA,Hentai,PeakHunt,Japonés,1,20,Concluido,9,Mou hasamazu ni wa irarenai hoshi ni onegai shitara konnani okkiku nacchatta,2014-02-28,,0.0,2014.0
1506,328,OVA,Hentai,Studio9Maiami,Japonés,2,22,Concluido,68,Futa bu,2014-02-20,2014-05-01,70.0,2014.0
1511,329,OVA,Hentai,,Japonés,1,18,Concluido,2,Naisho no wakana san,2013-12-06,,0.0,2013.0
1514,330,OVA,Hentai,RabbitGate,Japonés,2,14,Concluido,13,Tenioha onnanoko datte honto wa ecchi da yo,2013-11-22,2014-01-31,70.0,2013.0
1519,331,OVA,Hentai,Studio9Maiami,Japonés,4,22,Concluido,6,Tayu tayu,2013-10-26,2014-04-10,166.0,2013.0
1523,332,OVA,Hentai,OfficeTakeOut,Japonés,1,28,Concluido,3,Oyako rankan the animation,2013-09-27,,0.0,2013.0
1529,333,OVA,Hentai,Studio1st,Japonés,1,16,Concluido,12,M ogui last order,2013-06-21,,0.0,2013.0
1533,334,OVA,Hentai,T-Rex,Japonés,1,26,Concluido,7,Fault service aratanaru rival,2013-02-22,,0.0,2013.0
1537,335,OVA,Comedia,HoodsEntertainment,Japonés,1,25,Concluido,15,Kagaku na yatsura,2013-02-20,,0.0,2013.0
1542,336,OVA,Hentai,StudioProkion,Japonés,2,25,Concluido,15,Ane koi suki kirai daisuki,2013-02-15,2013-05-17,91.0,2013.0
1545,337,ONA,Hentai,Studio9Maiami,Japonés,3,14,Concluido,27,Natsuyasumi,2013-01-27,2013-07-11,165.0,2013.0
1550,338,OVA,Hentai,IshibashiPlanning,Japonés,1,22,Concluido,25,Miboujin nikki akogare no ano hito to hitotsu yane no shita,,,0.0,
1555,339,OVA,Hentai,T-Rex,Japonés,2,28,Concluido,1,Koiito kinenbi the animation,2012-12-21,2013-03-22,91.0,2012.0
1557,340,OVA,Hentai,RabbitGate,Japonés,3,19,Concluido,7,Kansen 5 the daybreak,2012-10-25,2018-04-12,1995.0,2012.0
1562,341,OVA,Hentai,StudioProkion,Japonés,1,25,Concluido,20,Gogo no kouchou junai mellow yori,2012-09-21,,0.0,2012.0
1569,342,OVA,Hentai,Seven,Japonés,2,20,Concluido,5,Otome dori,2012-05-25,2012-09-28,126.0,2012.0
1575,343,OVA,Tetonas,Majin,Japonés,2,29,Concluido,119,Kyonyuu fantasy,2012-05-24,2012-07-26,63.0,2012.0
1580,344,OVA,Hentai,CollaborationWorks,Japonés,2,29,Concluido,4,Please rape me,2012-04-26,,0.0,2012.0
1583,345,OVA,Hentai,Y.O.U.C,Japonés,2,27,Concluido,9,Cele kano,2012-04-20,2012-07-20,91.0,2012.0
1591,346,OVA,Hentai,T-Rex,Japonés,1,17,Concluido,3,Netorare zuma,,,0.0,
1595,347,OVA,Accion,Majin,Japonés,6,25,Concluido,14,Kuroinu kedakaki seijo wa hakudaku ni somaru,2012-01-27,2018-12-28,2527.0,2012.0
1606,348,OVA,Hentai,RabbitGate,Japonés,2,14,Concluido,27,Nee summer,2011-12-30,2012-04-06,98.0,2011.0
1612,349,OVA,Hentai,T-Rex,Japonés,1,16,Concluido,240,Love bitch yasashii onna,2011-12-16,,0.0,2011.0
1617,350,OVA,Hentai,AnimeAntennaIinkai,Japonés,2,28,Concluido,12,Imouto paradise,2011-12-09,2012-04-20,133.0,2011.0
1623,351,OVA,Hentai,T-Rex,Japonés,2,30,Concluido,10,Aku no onna kanbu,2011-11-18,2012-03-23,126.0,2011.0
1628,352,OVA,Hentai,Y.O.U.C,Japonés,2,27,Concluido,11,Tsuma no haha sayuri,2011-10-21,2012-02-17,119.0,2011.0
1632,353,OVA,Fantasìa,PoRO,Japonés,1,28,Concluido,8,Wizard girl ambitious,,,0.0,
1637,354,OVA,Fantasìa,Seven,Japonés,1,24,Concluido,18,Buta himesama,,,0.0,
1644,355,OVA,Hentai,Y.O.U.C,Japonés,2,27,Concluido,3,Maid ane,,2011-12-16,,
1648,356,OVA,Hentai,OfficeTakeOut,Japonés,2,28,Concluido,13,Menkui,2011-05-27,,0.0,2011.0
1651,357,OVA,Hentai,Mouse,Japonés,1,16,Concluido,9,Otokonoko ojousama,2011-03-11,,0.0,2011.0
1654,358,OVA,Hentai,G-Lam,Japonés,1,22,Concluido,8,Aisai nikki,2010-12-22,,0.0,2010.0
1659,359,OVA,Hentai,StudioBoogieNights,Japonés,1,21,Concluido,8,Akina to onsen de h shiyo,2010-11-17,,0.0,2010.0
1663,360,OVA,Hentai,,Japonés,3,15,Concluido,11,Bust to bust chichi wa chichi ni,2010-10-15,2014-03-07,1239.0,2010.0
1668,361,OVA,Fantasìa,Studio9Maiami,Japonés,3,29,Concluido,6,Princess knightcatue,2010-06-10,2011-11-17,525.0,2010.0
1675,362,OVA,Hentai,StudioEromatick,Japonés,1,31,Concluido,6,Seitokaichou hikaru,,,0.0,
1680,363,OVA,Hentai,StudioTenCarat,Japonés,3,7,Concluido,11,Arbeit shiyo,,,0.0,
1683,364,OVA,Hentai,StudioEromatick,Japonés,3,29,Concluido,13,Kanojo x kanojo x kanojo sanshimai to no dokidoki kyoudou seikatsu,2009-12-25,2011-05-20,511.0,2009.0
1688,365,OVA,Hentai,StudioBoogieNights,Japonés,6,19,Concluido,8,Issho ni h shiyo,2009-12-20,2011-12-09,719.0,2009.0
1692,366,OVA,Hentai,Y.O.U.C,Japonés,2,28,Concluido,5,Soukan yuugi 2,2009-09-10,2009-12-10,91.0,2009.0
1698,367,OVA,Fantasìa,AnimeAntennaIinkai,Japonés,4,29,Concluido,14,Makai kishi ingrid,2009-06-26,,0.0,2009.0
1705,368,OVA,Hentai,StudioSoul,Japonés,2,29,Concluido,7,Kimihagu,2009-05-25,,0.0,2009.0
1711,369,OVA,Hentai,Y.O.U.C,Japonés,2,26,Concluido,3,Oppai life,2008-10-10,2009-01-09,91.0,2008.0
1716,370,OVA,Hentai,SugarBoy,Japonés,1,35,Concluido,18,Pico x coco x chico,2008-10-09,,0.0,2008.0
1721,371,OVA,Hentai,MaboroshiKoubou,Japonés,3,28,Concluido,12,Stringendo accelerando ultimatum sera,2008-05-23,2008-10-31,161.0,2008.0
1725,372,OVA,Hentai,OzInc.,Japonés,2,25,Concluido,16,Aniyome wa ijippari,2008-04-18,2008-06-20,63.0,2008.0
1729,373,OVA,Hentai,Schoolzone,Japonés,3,25,Concluido,14,Yama hime no mi,2007-10-26,2010-10-15,1085.0,2007.0
1731,374,OVA,Hentai,FlavorsSoft,Japonés,2,29,Concluido,32,Oshiete re maid,2007-10-25,2008-02-25,123.0,2007.0
1736,375,OVA,Hentai,StudioJam,Japonés,2,28,Concluido,4,Shimaizuma shimaizuma 3 the animation,2007-09-25,2007-11-25,61.0,2007.0
1742,376,OVA,Hentai,Melissa,Japonés,2,26,Concluido,7,After the animation,,2008-01-25,,
1749,377,OVA,Hentai,Y.O.U.C,Japonés,2,27,Concluido,6,Soukan yuugi,,2007-11-08,,
1755,378,OVA,Hentai,CafedeJeilhouse,Japonés,2,28,Concluido,20,Hatsu inu the animation,2007-05-25,2007-07-27,63.0,2007.0
1759,379,OVA,Hentai,T-Rex,Japonés,2,26,Concluido,18,Dokidoki oyako lesson oshiete h na obenkyou,2007-04-25,2007-06-25,61.0,2007.0
1764,380,OVA,Hentai,SugarBoy,Japonés,1,36,Concluido,24,Pico to chico,,,0.0,
1769,381,OVA,Accion,AnimeAntennaIinkai,Japonés,4,28,Concluido,7,Taimanin asagi,2007-02-24,,0.0,2007.0
1777,382,OVA,Hentai,FlavorsSoft,Japonés,4,28,Concluido,9,Accelerando datenshi tachi no sasayaki,2007-01-26,2010-02-26,1127.0,2007.0
1781,383,OVA,Gay,SugarBoy,Japonés,1,32,Concluido,74,Boku no pico,2006-09-07,,0.0,2006.0
1785,384,OVA,Hentai,AnimeAntennaIinkai,Japonés,4,26,Concluido,8,Ane haramix,,2007-09-15,,
1790,385,OVA,Hentai,HimajinPlanning,Japonés,2,28,Concluido,0,Sora no iro mizu no iro,2006-07-27,2008-06-26,700.0,2006.0
1794,386,OVA,Tetonas,T-Rex,Japonés,2,29,Concluido,12,Mrs junkie,2006-02-25,2007-01-25,334.0,2006.0
1798,387,OVA,Hentai,Studio9Maiami,Japonés,2,27,Concluido,108,Cleavage,2006-02-23,2006-06-22,119.0,2006.0
1803,388,OVA,Hentai,FlavorsSoft,Japonés,12,27,Concluido,16,Stringendo angel tachi no private lesson,2006-01-27,2012-04-27,2282.0,2006.0
1811,389,OVA,Hentai,Studio9Maiami,Japonés,5,28,Concluido,10,Nee chanto shiyou yo,2005-11-25,2007-07-27,609.0,2005.0
1816,390,OVA,Hentai,ShindebanFilm,Japonés,2,28,Concluido,7,Boin,,2006-01-24,,
1821,391,OVA,Violacion,Y.O.U.C,Japonés,2,26,Concluido,12,Daishikkin helena,,2005-11-11,,
1826,392,OVA,Hentai,HimajinPlanning,Japonés,1,27,Concluido,4,Rinkan gakuen yamete okaasan minaide,,,0.0,
1833,393,OVA,Hentai,Shinkuukan,Japonés,2,26,Concluido,3,Kuro ai hitoyozumakan inkou rannyuuroku,2005-04-28,2005-06-23,56.0,2005.0
1843,394,OVA,Hentai,Y.O.U.C,Japonés,2,29,Concluido,5,Bakunyuu shimai,2005-04-08,2005-07-08,91.0,2005.0
1848,395,OVA,Violacion,Y.O.U.C,Japonés,2,28,Concluido,9,Mamahaha,2005-02-11,2005-05-13,91.0,2005.0
1855,396,OVA,Hentai,,Japonés,1,26,Concluido,2,Soukan rensa,2004-09-23,,0.0,2004.0
1860,397,OVA,Violacion,StudioSoul,Japonés,3,26,Concluido,6,Kijoku princess double kari,,2004-12-24,,
1867,398,OVA,Tetonas,Shinkuukan,Japonés,2,23,Concluido,14,Yuuguu settai kotou no gokuraku e youkoso,2004-07-25,2005-01-25,184.0,2004.0
1873,399,OVA,Tetonas,ImageHouse,Japonés,3,30,Concluido,12,Akibakei kanojo,2004-06-25,2006-06-25,730.0,2004.0
1877,400,OVA,Hentai,StudioJam,Japonés,2,28,Concluido,1,Miboujin numeriau nikuyoku to midara ni nureru mitsusubo,2004-06-24,2004-10-24,122.0,2004.0
1881,401,OVA,Hentai,Shinkuukan,Japonés,1,26,Concluido,1,Sinkan,2004-05-27,,0.0,2004.0
1884,402,OVA,Aventura,,Japonés,2,28,Concluido,2,Youkou no ken,2004-05-27,2004-07-22,56.0,2004.0
1890,403,OVA,Hentai,Arms,Japonés,2,28,Concluido,4,Nikutai teni,2003-12-20,2004-03-24,95.0,2003.0
1894,404,OVA,Drama,BigWing,Japonés,6,28,Concluido,41,Taboo charming mother,2003-11-25,2005-11-25,731.0,2003.0
1901,405,OVA,Accion,APPP,Japonés,1,27,Concluido,12,Sexy sailor soldiers,2003-10-25,,0.0,2003.0
1906,406,OVA,Violacion,Studio9Maiami,Japonés,6,26,Concluido,11,Discipline,2003-04-11,2004-12-17,616.0,2003.0
1915,407,OVA,Hentai,DreamEntertainment,Japonés,2,27,Concluido,6,Private emotion,2003-03-24,2003-07-24,122.0,2003.0
1921,408,OVA,Hentai,StudioG-1Neo,Japonés,3,28,Concluido,7,Viper gts,2002-12-23,2003-09-24,275.0,2002.0
1927,409,OVA,Drama,,Japonés,3,30,Concluido,1,Stratosphera no yousei,2002-11-20,2002-12-25,35.0,2002.0
1935,410,OVA,Comedia,AT-2,Japonés,3,31,Concluido,7,Seijun kango gakuin,2002-10-24,2003-05-29,217.0,2002.0
1943,411,OVA,Hentai,Shinjukuza,Japonés,1,25,Concluido,5,Karen,,,0.0,
1947,412,OVA,Hentai,StudioJam,Japonés,5,28,Concluido,12,Kojin taxi,2002-05-25,2004-09-25,854.0,2002.0
1953,413,OVA,Hentai,Y.O.U.C,Japonés,2,30,Concluido,17,Little monica monogatari,2002-04-05,2002-07-05,91.0,2002.0
1960,414,OVA,Hentai,Imagin,Japonés,5,29,Concluido,9,Kao no nai tsuki,2001-12-08,2004-07-23,958.0,2001.0
1966,415,OVA,Drama,Y.O.U.C,Japonés,2,29,Concluido,13,Gibo,2001-10-05,2002-01-11,98.0,2001.0
1971,416,OVA,Hentai,ShindebanFilm,Japonés,3,29,Concluido,6,Waver,2001-09-21,2002-04-25,216.0,2001.0
1974,417,OVA,Hentai,AT-2,Japonés,3,29,Concluido,2,Guren,2001-09-06,2002-03-28,203.0,2001.0
1978,418,OVA,Hentai,StudioJam,Japonés,6,28,Concluido,164,Bible black,2001-07-20,2003-06-24,704.0,2001.0
1982,419,OVA,Comedia,Meltdown,Japonés,1,34,Concluido,11,My life as,1999-07-22,,0.0,1999.0
1985,420,OVA,Accion,AIC,Japonés,6,15,Concluido,4,Yuuwaku countdown,1995-06-15,1995-11-22,160.0,1995.0
